{
"type": "FeatureCollection",
"name": "renamedPost1990_AGG",
"crs": { "type": "name", "properties": { "name": "urn:ogc:def:crs:EPSG::3857" } },
"features": [
{ "type": "Feature", "properties": { "gisid": "0575010,05750100,05750110,05750120,05750130,05750140,05750150,05750160,05750170,05750180,05750190,0575020,05750200,05750210,0575030,0575040,0575050,0575060,0575070,0575080,0575090", "strnr": "05750", "strname": "Danziger Straße", "strabnr": "10,100,110,120,130,140,150,160,170,180,190,20,200,210,30,40,50,60,70,80,90", "strabtypname": "Strasse", "bez": "03", "bezname": "Pankow", "ort": "0301", "ortname": "Prenzlauer Berg" }, "geometry": { "type": "MultiLineString", "coordinates": [ [ [ 1493267.173198410077021, 6898493.874363760463893 ], [ 1493076.371895540039986, 6898543.969948180019855 ], [ 1493034.517619719961658, 6898549.108736010268331 ] ], [ [ 1494887.470924149965867, 6897926.441884010098875 ], [ 1494843.763772380072623, 6897950.82777195982635 ] ], [ [ 1495362.156982129905373, 6897660.143518989905715 ], [ 1494887.470924149965867, 6897926.441884010098875 ] ], [ [ 1495362.156982129905373, 6897660.143518989905715 ], [ 1495505.171121420105919, 6897552.803058600053191 ] ], [ [ 1495505.171121420105919, 6897552.803058600053191 ], [ 1495840.05091860005632, 6897284.30551488045603 ] ], [ [ 1496007.069839589996263, 6897151.04032183997333 ], [ 1495840.05091860005632, 6897284.30551488045603 ] ], [ [ 1496007.069839589996263, 6897151.04032183997333 ], [ 1496304.101019179914147, 6896916.149963909760118 ] ], [ [ 1496304.101019179914147, 6896916.149963909760118 ], [ 1496400.611289160093293, 6896765.92773266043514 ] ], [ [ 1496400.611289160093293, 6896765.92773266043514 ], [ 1496516.538015669910237, 6896590.432403179816902 ] ], [ [ 1496516.538015669910237, 6896590.432403179816902 ], [ 1496616.157284749904647, 6896440.057160410098732 ] ], [ [ 1496721.385991639923304, 6896275.227126159705222 ], [ 1496616.157284749904647, 6896440.057160410098732 ] ], [ [ 1493267.173198410077021, 6898493.874363760463893 ], [ 1493500.498131650034338, 6898433.043015399947762 ] ], [ [ 1496831.036290050018579, 6896111.561246239580214 ], [ 1496721.385991639923304, 6896275.227126159705222 ] ], [ [ 1496986.308157820021734, 6895870.071437030099332 ], [ 1496831.036290050018579, 6896111.561246239580214 ] ], [ [ 1493685.53950078994967, 6898387.197881010361016 ], [ 1493500.498131650034338, 6898433.043015399947762 ] ], [ [ 1493749.738955559907481, 6898370.606789040379226 ], [ 1493685.53950078994967, 6898387.197881010361016 ] ], [ [ 1494092.073497140081599, 6898283.427998930215836 ], [ 1493749.738955559907481, 6898370.606789040379226 ] ], [ [ 1494229.332086970098317, 6898248.948242460377514 ], [ 1494092.073497140081599, 6898283.427998930215836 ] ], [ [ 1494375.956660490017384, 6898209.065148459747434 ], [ 1494229.332086970098317, 6898248.948242460377514 ] ], [ [ 1494627.358991790097207, 6898071.938260610215366 ], [ 1494407.159082930069417, 6898198.461738429963589 ], [ 1494375.956660490017384, 6898209.065148459747434 ] ], [ [ 1494843.763772380072623, 6897950.82777195982635 ], [ 1494627.358991790097207, 6898071.938260610215366 ] ] ] } },
{ "type": "Feature", "properties": { "gisid": "0586310,0586320,0586330,0586340,0586350", "strnr": "05863", "strname": "Isenburger Weg", "strabnr": "10,20,30,40,50", "strabtypname": "Strasse", "bez": "05", "bezname": "Spandau", "ort": "0504", "ortname": "Staaken" }, "geometry": { "type": "MultiLineString", "coordinates": [ [ [ 1462128.454388929996639, 6898072.257429840043187 ], [ 1462181.926141110016033, 6898412.435083230026066 ] ], [ [ 1462197.80873293010518, 6898513.864975529722869 ], [ 1462181.926141110016033, 6898412.435083230026066 ] ], [ [ 1462197.80873293010518, 6898513.864975529722869 ], [ 1462265.798828599974513, 6898940.024499620310962 ] ], [ [ 1462265.798828599974513, 6898940.024499620310962 ], [ 1462310.13074667006731, 6899226.219941820017993 ], [ 1462337.72461397992447, 6899319.185389610007405 ] ], [ [ 1462337.72461397992447, 6899319.185389610007405 ], [ 1462419.611197550082579, 6899585.415067460387945 ] ] ] } },
{ "type": "Feature", "properties": { "gisid": "0588110,05881100,0588120,0588130,0588140,0588150,0588160,0588170,0588180,0588190,4062110,4062120", "strnr": "05881", "strname": "Dorotheenstraße", "strabnr": "10,100,20,30,40,50,60,70,80,90,10,20", "strabtypname": "Strasse", "bez": "01", "bezname": "Mitte", "ort": "0101", "ortname": "Mitte" }, "geometry": { "type": "MultiLineString", "coordinates": [ [ [ 1491272.151813230011612, 6894644.561152200214565 ], [ 1491233.689911019988358, 6894620.435199109837413 ], [ 1491114.447846269933507, 6894574.841918109916151 ], [ 1491084.622354649938643, 6894568.169828900136054 ] ], [ [ 1489109.793967510107905, 6894288.663878340274096 ], [ 1489170.067665880080312, 6894310.079840090125799 ], [ 1489495.460924230050296, 6894346.379853200167418 ], [ 1489502.599165569990873, 6894369.091093559749424 ] ], [ [ 1491084.622354649938643, 6894568.169828900136054 ], [ 1490992.81249519996345, 6894559.982263989746571 ] ], [ [ 1490992.81249519996345, 6894559.982263989746571 ], [ 1490817.398486129939556, 6894541.822461419738829 ] ], [ [ 1490817.398486129939556, 6894541.822461419738829 ], [ 1490796.243147510103881, 6894541.918016820214689 ], [ 1490615.265146049903706, 6894520.447620219551027 ] ], [ [ 1490618.97808835003525, 6894488.237353350035846 ], [ 1490404.87473191996105, 6894466.982529769651592 ] ], [ [ 1490063.083576410077512, 6894427.704792220145464 ], [ 1490404.87473191996105, 6894466.982529769651592 ] ], [ [ 1489865.711189429974183, 6894406.162777270190418 ], [ 1490063.083576410077512, 6894427.704792220145464 ] ], [ [ 1489704.567399390041828, 6894388.849087400361896 ], [ 1489865.711189429974183, 6894406.162777270190418 ] ], [ [ 1489502.599165569990873, 6894369.091093559749424 ], [ 1489704.567399390041828, 6894388.849087400361896 ] ], [ [ 1512220.228130379924551, 6880150.310462740249932 ], [ 1511910.519149410072714, 6880132.237226840108633 ] ], [ [ 1512220.228130379924551, 6880150.310462740249932 ], [ 1512292.560993799939752, 6880189.410311999730766 ], [ 1512385.351412079995498, 6880239.188361619599164 ], [ 1512455.750666439998895, 6880225.442037359811366 ] ] ] } },
{ "type": "Feature", "properties": { "gisid": "0608510,0608520,0608530,0608540,0608550,0608560", "strnr": "06085", "strname": "Behmstraße", "strabnr": "10,20,30,40,50,60", "strabtypname": "Strasse", "bez": "01", "bezname": "Mitte", "ort": "0106", "ortname": "Gesundbrunnen" }, "geometry": { "type": "MultiLineString", "coordinates": [ [ [ 1490328.745917980093509, 6900195.458651450462639 ], [ 1490274.792404029984027, 6900183.927913369610906 ], [ 1490186.642140859970823, 6900092.328819070011377 ] ], [ [ 1490430.612177399918437, 6900209.12148473970592 ], [ 1490328.745917980093509, 6900195.458651450462639 ] ], [ [ 1490717.523031990043819, 6900244.448058390058577 ], [ 1490430.612177399918437, 6900209.12148473970592 ] ], [ [ 1490717.523031990043819, 6900244.448058390058577 ], [ 1490758.528626719955355, 6900251.162520229816437 ], [ 1491306.716947149951011, 6900334.532746469601989 ], [ 1491329.674954039976001, 6900340.035229960456491 ] ], [ [ 1491729.286360169993713, 6900392.30128135997802 ], [ 1491632.828492670087144, 6900379.494115459732711 ] ], [ [ 1492095.245637020096183, 6900449.050118160434067 ], [ 1492083.277216650079936, 6900445.229040670208633 ], [ 1491729.286360169993713, 6900392.30128135997802 ] ] ] } },
{ "type": "Feature", "properties": { "gisid": "16244100,16244110,1624440,1624450,1624460,1624470,1624480,1624490,4190010,4190020,4190030,4190040,4190050", "strnr": "16244", "strname": "Markgrafenstraße", "strabnr": "100,110,40,50,60,70,80,90,10,20,30,40,50", "strabtypname": "Strasse", "bez": "01", "bezname": "Mitte", "ort": "0101", "ortname": "Mitte" }, "geometry": { "type": "MultiLineString", "coordinates": [ [ [ 1490906.754878269974142, 6893785.737743490375578 ], [ 1490924.496640339959413, 6893623.219251030124724 ] ], [ [ 1490887.379439329961315, 6893946.117099200375378 ], [ 1490906.754878269974142, 6893785.737743490375578 ] ], [ [ 1491019.767112809931859, 6892653.070521139539778 ], [ 1491035.534044800093397, 6892491.389905449934304 ] ], [ [ 1491019.767112809931859, 6892653.070521139539778 ], [ 1491003.678514099912718, 6892812.616561110131443 ] ], [ [ 1490970.336443660082296, 6893136.480965959839523 ], [ 1490984.865594229893759, 6893003.387182629667222 ] ], [ [ 1490970.336443660082296, 6893136.480965959839523 ], [ 1490956.193359300028533, 6893302.28901635017246 ] ], [ [ 1490939.289778500096872, 6893459.543701290152967 ], [ 1490956.193359300028533, 6893302.28901635017246 ] ], [ [ 1490924.496640339959413, 6893623.219251030124724 ], [ 1490939.289778500096872, 6893459.543701290152967 ] ], [ [ 1515073.084522450109944, 6894280.677856620401144 ], [ 1515167.061087619978935, 6894223.81757349986583 ] ], [ [ 1515167.061087619978935, 6894223.81757349986583 ], [ 1515315.484885009936988, 6894138.691634730435908 ] ], [ [ 1515315.484885009936988, 6894138.691634730435908 ], [ 1515486.373012020019814, 6894042.224701290018857 ] ], [ [ 1515486.373012020019814, 6894042.224701290018857 ], [ 1515501.130927389953285, 6894044.528626619838178 ], [ 1515732.856830969918519, 6893911.409142940305173 ] ], [ [ 1515899.143921650014818, 6893812.798365769907832 ], [ 1515732.856830969918519, 6893911.409142940305173 ] ] ] } },
{ "type": "Feature", "properties": { "gisid": "1625610,1625620,1625630,1625640", "strnr": "16256", "strname": "Strelitzer Straße", "strabnr": "10,20,30,40", "strabtypname": "Strasse", "bez": "01", "bezname": "Mitte", "ort": "0106", "ortname": "Gesundbrunnen" }, "geometry": { "type": "MultiLineString", "coordinates": [ [ [ 1490783.540798519970849, 6898156.223329880274832 ], [ 1490930.23688238998875, 6897895.518378050066531 ] ], [ [ 1491043.422828800044954, 6897696.220929879695177 ], [ 1490930.23688238998875, 6897895.518378050066531 ] ], [ [ 1491043.422828800044954, 6897696.220929879695177 ], [ 1491233.992015579948202, 6897356.397376430220902 ] ], [ [ 1491233.992015579948202, 6897356.397376430220902 ], [ 1491329.37344838003628, 6897179.911419830285013 ] ] ] } },
{ "type": "Feature", "properties": { "gisid": "1693710,16937100,16937110,16937120,16937130,16937140,16937150,16937160,16937170,1693720,1693730,1693740,1693750,1693760,1693770,1693780,1693790", "strnr": "16937", "strname": "Wilhelmstraße", "strabnr": "10,100,110,120,130,140,150,160,170,20,30,40,50,60,70,80,90", "strabtypname": "Strasse", "bez": "02", "bezname": "Friedrichshain-Kreuzberg", "ort": "0202", "ortname": "Kreuzberg" }, "geometry": { "type": "MultiLineString", "coordinates": [ [ [ 1490452.368070639902726, 6890691.262781480327249 ], [ 1490436.508476309943944, 6890928.661656959913671 ] ], [ [ 1489919.393480049911886, 6892871.499700340442359 ], [ 1489834.553374209906906, 6893137.328877699561417 ] ], [ [ 1489834.553374209906906, 6893137.328877699561417 ], [ 1489786.016049359925091, 6893284.608502980321646 ] ], [ [ 1489908.862317469902337, 6893323.158503410406411 ], [ 1489786.016049359925091, 6893284.608502980321646 ] ], [ [ 1489786.016049359925091, 6893284.608502980321646 ], [ 1489687.07963806996122, 6893594.785129649564624 ] ], [ [ 1489621.745006059994921, 6893810.070947140455246 ], [ 1489687.07963806996122, 6893594.785129649564624 ] ], [ [ 1489541.224944550078362, 6894053.420996840111911 ], [ 1489621.745006059994921, 6893810.070947140455246 ] ], [ [ 1489502.599165569990873, 6894369.091093559749424 ], [ 1489505.333576600067317, 6894336.549684209749103 ], [ 1489531.582332750083879, 6894092.184448890388012 ], [ 1489541.224944550078362, 6894053.420996840111911 ] ], [ [ 1489487.399240680038929, 6894498.585636620409787 ], [ 1489502.599165569990873, 6894369.091093559749424 ] ], [ [ 1490436.508476309943944, 6890928.661656959913671 ], [ 1490431.704706350108609, 6891043.676042440347373 ], [ 1490422.593516170047224, 6891172.481937319971621 ] ], [ [ 1490422.593516170047224, 6891172.481937319971621 ], [ 1490409.322909780079499, 6891319.846190970391035 ], [ 1490402.008614969905466, 6891350.717193320393562 ] ], [ [ 1490402.008614969905466, 6891350.717193320393562 ], [ 1490329.781737979967147, 6891579.402123530395329 ] ], [ [ 1490253.234205849934369, 6891824.513057390227914 ], [ 1490329.781737979967147, 6891579.402123530395329 ] ], [ [ 1490189.631197229959071, 6892020.861883400008082 ], [ 1490253.234205849934369, 6891824.513057390227914 ] ], [ [ 1490128.645943749928847, 6892217.880931350402534 ], [ 1490189.631197229959071, 6892020.861883400008082 ] ], [ [ 1490070.98642648011446, 6892399.958995980210602 ], [ 1490128.645943749928847, 6892217.880931350402534 ] ], [ [ 1489919.393480049911886, 6892871.499700340442359 ], [ 1490070.98642648011446, 6892399.958995980210602 ] ] ] } },
{ "type": "Feature", "properties": { "gisid": "4042910,4042920,4042930,4479210,4479220,4479230,4479240,4479250,4479260,4479270,4479280,4479290", "strnr": "40429", "strname": "Breite Straße", "strabnr": "10,20,30,10,20,30,40,50,60,70,80,90", "strabtypname": "Strasse", "bez": "01", "bezname": "Mitte", "ort": "0101", "ortname": "Mitte" }, "geometry": { "type": "MultiLineString", "coordinates": [ [ [ 1491952.585983810015023, 6894055.863705250434577 ], [ 1492121.282717539928854, 6893856.16078347992152 ] ], [ [ 1492275.488727760035545, 6893673.67514413036406 ], [ 1492121.282717539928854, 6893856.16078347992152 ] ], [ [ 1492275.488727760035545, 6893673.67514413036406 ], [ 1492317.976989600108936, 6893613.80565457046032 ] ], [ [ 1493256.556637489935383, 6904234.63475499022752 ], [ 1493339.049677789909765, 6904266.974410530179739 ] ], [ [ 1492991.064840799896047, 6904122.579638450406492 ], [ 1493256.556637489935383, 6904234.63475499022752 ] ], [ [ 1492853.15629563992843, 6904064.39411109033972 ], [ 1492991.064840799896047, 6904122.579638450406492 ] ], [ [ 1492785.970417540054768, 6904020.739412640221417 ], [ 1492853.15629563992843, 6904064.39411109033972 ] ], [ [ 1492273.288907819893211, 6903782.497960790060461 ], [ 1492418.067489149980247, 6903846.144008140079677 ], [ 1492530.583687349921092, 6903883.519817910157144 ], [ 1492720.153950969921425, 6903958.653989429585636 ], [ 1492783.897175909951329, 6904000.323574770241976 ], [ 1492785.970417540054768, 6904020.739412640221417 ] ], [ [ 1492273.288907819893211, 6903782.497960790060461 ], [ 1492183.441718009999022, 6903742.061793600209057 ], [ 1492155.391431289957836, 6903734.075012389570475 ], [ 1492127.000075699994341, 6903730.201799830421805 ], [ 1492087.928659090073779, 6903729.093344519846141 ], [ 1492065.072739329887554, 6903740.379178799688816 ] ], [ [ 1492680.526631209999323, 6904032.765927200205624 ], [ 1492726.964298289967701, 6904041.794285509735346 ], [ 1492769.645563970087096, 6904044.2271927902475 ], [ 1492785.970417540054768, 6904020.739412640221417 ] ], [ [ 1492065.072739329887554, 6903740.379178799688816 ], [ 1492073.546606170013547, 6903760.978899080306292 ], [ 1492431.813867340097204, 6903914.984974009916186 ], [ 1492601.000215660082176, 6903998.289713869802654 ], [ 1492680.526631209999323, 6904032.765927200205624 ] ], [ [ 1491848.946355429943651, 6903708.434775190427899 ], [ 1491879.500357330078259, 6903703.098880769684911 ], [ 1492030.785724469926208, 6903731.714279039762914 ], [ 1492065.072739329887554, 6903740.379178799688816 ] ] ] } },
{ "type": "Feature", "properties": { "gisid": "4143310,4143320,4479910,4479920,4479930,4479940,4479950,4479960", "strnr": "41433", "strname": "Jägerstraße", "strabnr": "10,20,10,20,30,40,50,60", "strabtypname": "Strasse", "bez": "09", "bezname": "Treptow-Köpenick", "ort": "0908", "ortname": "Bohnsdorf" }, "geometry": { "type": "MultiLineString", "coordinates": [ [ [ 1511503.174787659896538, 6871678.150790030136704 ], [ 1511473.22388583002612, 6871471.733151 ] ], [ [ 1511473.22388583002612, 6871471.733151 ], [ 1511447.356985280057415, 6871273.519795199856162 ] ], [ [ 1490163.751310650026426, 6893545.266587110236287 ], [ 1490017.705473419977352, 6893529.161979430355132 ] ], [ [ 1490491.914694869890809, 6893578.737644280306995 ], [ 1490163.751310650026426, 6893545.266587110236287 ] ], [ [ 1490491.914694869890809, 6893578.737644280306995 ], [ 1490704.354405489983037, 6893600.146898649632931 ] ], [ [ 1491339.536071670008823, 6893668.279410519637167 ], [ 1491146.647059330018237, 6893633.963335369713604 ], [ 1490924.496640339959413, 6893623.219251030124724 ] ], [ [ 1491339.536071670008823, 6893668.279410519637167 ], [ 1491425.991272940067574, 6893707.349206260405481 ] ], [ [ 1491425.991272940067574, 6893707.349206260405481 ], [ 1491491.151380660012364, 6893739.775394200347364 ] ] ] } },
{ "type": "Feature", "properties": { "gisid": "4236110,4236120,4236130,4480510,4480520,4480530,4480540", "strnr": "42361", "strname": "Rathausstraße", "strabnr": "10,20,30,10,20,30,40", "strabtypname": "Strasse", "bez": "11", "bezname": "Lichtenberg", "ort": "1103", "ortname": "Lichtenberg" }, "geometry": { "type": "MultiLineString", "coordinates": [ [ [ 1500773.005572129972279, 6893420.9247962301597 ], [ 1500778.653115770081058, 6893466.633441709913313 ], [ 1500794.686259459936991, 6893648.799458789639175 ] ], [ [ 1500794.686259459936991, 6893648.799458789639175 ], [ 1500734.16966459993273, 6893735.636567439883947 ] ], [ [ 1500734.16966459993273, 6893735.636567439883947 ], [ 1500565.770859689917415, 6893976.286297170445323 ], [ 1500559.49249235005118, 6893999.452449380420148 ], [ 1500520.092456320067868, 6894021.400217699818313 ] ], [ [ 1492639.88870152994059, 6894529.13279144000262 ], [ 1493014.240245189983398, 6894820.265452040359378 ] ], [ [ 1492478.39986611995846, 6894406.493484419770539 ], [ 1492639.88870152994059, 6894529.13279144000262 ] ], [ [ 1492281.0504131000489, 6894268.289432710036635 ], [ 1492478.39986611995846, 6894406.493484419770539 ] ], [ [ 1492158.963509370107204, 6894187.688869539648294 ], [ 1492281.0504131000489, 6894268.289432710036635 ] ] ] } },
{ "type": "Feature", "properties": { "gisid": "4466410,44664100,44664110,44664120,44664130,44664140,44664150,44664160,44664170,44664180,44664190,4466420,44664200,44664210,44664220,44664230,44664240,4466430,4466440,4466450,4466460,4466470,4466480,4466490", "strnr": "44664", "strname": "Berliner Allee", "strabnr": "10,100,110,120,130,140,150,160,170,180,190,20,200,210,220,230,240,30,40,50,60,70,80,90", "strabtypname": "Strasse", "bez": "03", "bezname": "Pankow", "ort": "0302", "ortname": "Weißensee" }, "geometry": { "type": "MultiLineString", "coordinates": [ [ [ 1497175.111700030043721, 6899749.664316950365901 ], [ 1497027.690798729890957, 6899641.055596790276468 ] ], [ [ 1498179.231826280010864, 6900173.385216189548373 ], [ 1498258.412968369899318, 6900209.10519643034786 ] ], [ [ 1498258.412968369899318, 6900209.10519643034786 ], [ 1498582.433688649907708, 6900322.052911349572241 ] ], [ [ 1498968.901498639956117, 6900548.648936189711094 ], [ 1498819.154121550032869, 6900435.615177090279758 ], [ 1498764.75012278999202, 6900399.46233949996531 ], [ 1498582.433688649907708, 6900322.052911349572241 ] ], [ [ 1498968.901498639956117, 6900548.648936189711094 ], [ 1499088.490307840052992, 6900645.98460634984076 ] ], [ [ 1499088.490307840052992, 6900645.98460634984076 ], [ 1499135.918643069919199, 6900721.113637429662049 ], [ 1499152.578183840028942, 6900757.675380780361593 ], [ 1499195.91989331995137, 6900900.58213663008064 ] ], [ [ 1499195.91989331995137, 6900900.58213663008064 ], [ 1499211.360311199910939, 6900969.390064850449562 ], [ 1499211.553254530066624, 6901105.788131110370159 ] ], [ [ 1499211.553254530066624, 6901105.788131110370159 ], [ 1499188.046568109886721, 6901271.75293125025928 ] ], [ [ 1499188.046568109886721, 6901271.75293125025928 ], [ 1499176.587440880015492, 6901332.771256670355797 ], [ 1499143.353968899929896, 6901443.104080970399082 ], [ 1499125.3951944001019, 6901473.998046710155904 ] ], [ [ 1499125.3951944001019, 6901473.998046710155904 ], [ 1499113.039164890069515, 6901494.867459779605269 ], [ 1499079.96522587002255, 6901606.518871149979532 ], [ 1499071.808953490108252, 6901657.838643000461161 ] ], [ [ 1499071.808953490108252, 6901657.838643000461161 ], [ 1499067.560982170049101, 6901723.153987539932132 ], [ 1499074.797262439969927, 6901790.963607620447874 ] ], [ [ 1497227.69306801003404, 6899788.288321340456605 ], [ 1497175.111700030043721, 6899749.664316950365901 ] ], [ [ 1499074.797262439969927, 6901790.963607620447874 ], [ 1499151.444017359986901, 6902017.555175259709358 ] ], [ [ 1499303.727414130000398, 6902412.991701729595661 ], [ 1499217.176926299929619, 6902207.761046200059354 ], [ 1499181.766374770086259, 6902112.405218870379031 ], [ 1499151.444017359986901, 6902017.555175259709358 ] ], [ [ 1499447.449581390013918, 6902751.156099399551749 ], [ 1499303.727414130000398, 6902412.991701729595661 ] ], [ [ 1499466.887568040052429, 6902795.960965779609978 ], [ 1499447.449581390013918, 6902751.156099399551749 ] ], [ [ 1499608.092155179940164, 6903089.697864750400186 ], [ 1499593.339006720110774, 6903079.46237364038825 ], [ 1499584.176198620116338, 6903065.289180589839816 ], [ 1499466.887568040052429, 6902795.960965779609978 ] ], [ [ 1497227.69306801003404, 6899788.288321340456605 ], [ 1497348.41458837990649, 6899878.898801329545677 ] ], [ [ 1497348.41458837990649, 6899878.898801329545677 ], [ 1497322.718121109995991, 6899918.647439040243626 ], [ 1497309.545651040039957, 6899936.8758036904037 ] ], [ [ 1497404.488251510076225, 6899899.105450290255249 ], [ 1497348.41458837990649, 6899878.898801329545677 ] ], [ [ 1497554.520001569995657, 6899949.644707649946213 ], [ 1497404.488251510076225, 6899899.105450290255249 ] ], [ [ 1497554.520001569995657, 6899949.644707649946213 ], [ 1497742.090203400002792, 6900018.367471409961581 ] ], [ [ 1497742.090203400002792, 6900018.367471409961581 ], [ 1497877.692167080007493, 6900065.905476969666779 ] ], [ [ 1497877.692167080007493, 6900065.905476969666779 ], [ 1498179.231826280010864, 6900173.385216189548373 ] ] ] } },
{ "type": "Feature", "properties": { "gisid": "4466510", "strnr": "44665", "strname": "Petersburger Platz", "strabnr": "10", "strabtypname": "Strasse", "bez": "02", "bezname": "Friedrichshain-Kreuzberg", "ort": "0201", "ortname": "Friedrichshain" }, "geometry": { "type": "MultiLineString", "coordinates": [ [ [ 1497330.220690049929544, 6894737.102823159657419 ], [ 1497188.348450120072812, 6895078.56019601970911 ] ] ] } },
{ "type": "Feature", "properties": { "gisid": "4466610,44666100,44666110,44666120,44666130,44666140,44666150,44666160,44666170,44666180,44666190,4466620,44666200,44666210,44666220,44666230,44666240,44666250,44666260,44666270,44666280,44666290,4466630,44666300,44666310,4466640,4466650,4466660,4466670,4466680,4466690", "strnr": "44666", "strname": "Heinrich-Grüber-Straße", "strabnr": "10,100,110,120,130,140,150,160,170,180,190,20,200,210,220,230,240,250,260,270,280,290,30,300,310,40,50,60,70,80,90", "strabtypname": "Strasse", "bez": "10", "bezname": "Marzahn-Hellersdorf", "ort": "1003", "ortname": "Kaulsdorf" }, "geometry": { "type": "MultiLineString", "coordinates": [ [ [ 1513355.282462579896674, 6894369.706357879564166 ], [ 1513379.714082689955831, 6894375.799854319542646 ], [ 1513422.338021809933707, 6894406.560601620003581 ], [ 1513474.964344040025026, 6894440.284800750203431 ], [ 1513548.581736119929701, 6894474.675055540166795 ] ], [ [ 1512933.382640539901331, 6893613.153074099682271 ], [ 1513028.603997230064124, 6893711.829054499976337 ] ], [ [ 1513028.603997230064124, 6893711.829054499976337 ], [ 1513153.819562010001391, 6893844.875860259868205 ] ], [ [ 1513153.819562010001391, 6893844.875860259868205 ], [ 1513175.127097920048982, 6893865.434087039902806 ] ], [ [ 1513175.127097920048982, 6893865.434087039902806 ], [ 1513173.801165469922125, 6893896.338367770425975 ], [ 1513265.512507280102, 6894156.445953950285912 ] ], [ [ 1513265.512507280102, 6894156.445953950285912 ], [ 1513327.096354699926451, 6894324.48488144017756 ], [ 1513355.282462579896674, 6894369.706357879564166 ] ], [ [ 1513733.924077610019594, 6894810.296131970360875 ], [ 1513814.741575869964436, 6894897.792006369680166 ] ], [ [ 1513814.741575869964436, 6894897.792006369680166 ], [ 1513872.779009520076215, 6894946.807794099673629 ] ], [ [ 1513872.779009520076215, 6894946.807794099673629 ], [ 1513895.895560540026054, 6894967.203022389672697 ], [ 1513937.704282009974122, 6894998.620800759643316 ] ], [ [ 1514012.959411910036579, 6895059.151050809770823 ], [ 1514175.279000320006162, 6895187.120453380048275 ] ], [ [ 1514253.488806549925357, 6895250.774853030219674 ], [ 1514343.998828229960054, 6895319.036555220372975 ] ], [ [ 1512229.338822949910536, 6893229.611537800170481 ], [ 1512232.957816810114309, 6893209.395637749694288 ], [ 1512261.165863160043955, 6893198.891975419595838 ], [ 1512322.491077050101012, 6893194.653091009706259 ], [ 1512445.469404540024698, 6893186.174438320100307 ], [ 1512519.582417429890484, 6893184.406800580210984 ] ], [ [ 1514476.648968379944563, 6895427.428501419723034 ], [ 1514567.489194370107725, 6895502.266152669675648 ] ], [ [ 1514567.489194370107725, 6895502.266152669675648 ], [ 1514639.63860405003652, 6895558.682894489727914 ] ], [ [ 1514639.63860405003652, 6895558.682894489727914 ], [ 1514718.184466140111908, 6895619.211814570240676 ] ], [ [ 1514943.659805990057066, 6895802.109302969649434 ], [ 1514718.184466140111908, 6895619.211814570240676 ] ], [ [ 1515136.675702499924228, 6895954.578363999724388 ], [ 1515116.832004510099068, 6895941.748536149971187 ], [ 1514943.659805990057066, 6895802.109302969649434 ] ], [ [ 1515136.675702499924228, 6895954.578363999724388 ], [ 1515227.692236890085042, 6896028.262341219931841 ] ], [ [ 1514343.998828229960054, 6895319.036555220372975 ], [ 1514476.648968379944563, 6895427.428501419723034 ] ], [ [ 1514175.279000320006162, 6895187.120453380048275 ], [ 1514253.488806549925357, 6895250.774853030219674 ] ], [ [ 1513937.704282009974122, 6894998.620800759643316 ], [ 1514012.959411910036579, 6895059.151050809770823 ] ], [ [ 1513518.04522666009143, 6894556.369284950196743 ], [ 1513550.006744199898094, 6894597.647495550103486 ], [ 1513588.528531410032883, 6894638.106375600211322 ], [ 1513733.924077610019594, 6894810.296131970360875 ] ], [ [ 1512507.226371, 6893292.229710060171783 ], [ 1512477.875498089939356, 6893293.85748809017241 ], [ 1512265.197299429913983, 6893316.750981300137937 ], [ 1512243.391498760087416, 6893313.451060020364821 ], [ 1512233.397593040019274, 6893299.637715339660645 ] ], [ [ 1513382.982719009974971, 6894401.611754770390689 ], [ 1513518.04522666009143, 6894556.369284950196743 ] ], [ [ 1513518.04522666009143, 6894556.369284950196743 ], [ 1513548.581736119929701, 6894474.675055540166795 ] ], [ [ 1512621.185990120051429, 6893287.195228399708867 ], [ 1512556.745663679903373, 6893289.955280790105462 ], [ 1512507.226371, 6893292.229710060171783 ] ], [ [ 1512435.125503200106323, 6893211.646694170311093 ], [ 1512459.720663570100442, 6893211.16705357003957 ] ], [ [ 1512650.868843730073422, 6893278.005870450288057 ], [ 1512689.072744270088151, 6893278.518997330218554 ] ], [ [ 1512621.185990120051429, 6893287.195228399708867 ], [ 1512769.170144869945943, 6893439.649722780101001 ] ], [ [ 1512769.170144869945943, 6893439.649722780101001 ], [ 1512788.83588808006607, 6893460.371346119791269 ] ], [ [ 1512788.83588808006607, 6893460.371346119791269 ], [ 1512933.382640539901331, 6893613.153074099682271 ] ] ] } },
{ "type": "Feature", "properties": { "gisid": "4474410", "strnr": "44744", "strname": "Fredersdorfer Straße", "strabnr": "10", "strabtypname": "Strasse", "bez": "02", "bezname": "Friedrichshain-Kreuzberg", "ort": "0201", "ortname": "Friedrichshain" }, "geometry": { "type": "MultiLineString", "coordinates": [ [ [ 1496534.306061879964545, 6893779.490861429832876 ], [ 1496477.823675249936059, 6893744.168623389676213 ], [ 1496212.344326779944822, 6893489.352994100190699 ] ] ] } },
{ "type": "Feature", "properties": { "gisid": "4474510,4474520,4474530,4474540,4474550", "strnr": "44745", "strname": "Rüdersdorfer Straße", "strabnr": "10,20,30,40,50", "strabtypname": "Strasse", "bez": "02", "bezname": "Friedrichshain-Kreuzberg", "ort": "0201", "ortname": "Friedrichshain" }, "geometry": { "type": "MultiLineString", "coordinates": [ [ [ 1495959.125800180016086, 6893696.80270135961473 ], [ 1495776.110421279910952, 6893829.145707829855382 ], [ 1495726.195682320045307, 6893854.000740299932659 ], [ 1495697.494964790064842, 6893855.733140800148249 ] ], [ [ 1495959.125800180016086, 6893696.80270135961473 ], [ 1496101.886681519914418, 6893593.613264 ] ], [ [ 1496101.886681519914418, 6893593.613264 ], [ 1496212.344326779944822, 6893489.352994100190699 ] ], [ [ 1496212.344326779944822, 6893489.352994100190699 ], [ 1496381.810883699916303, 6893327.38315402995795 ], [ 1496439.989503639983013, 6893274.602818369865417 ], [ 1496495.509710300015286, 6893235.29447138030082 ] ], [ [ 1496495.509710300015286, 6893235.29447138030082 ], [ 1496652.54097373993136, 6893123.918768179602921 ], [ 1496666.656227620085701, 6893118.201463820412755 ], [ 1496858.303829170065001, 6893128.545165009796619 ] ] ] } },
{ "type": "Feature", "properties": { "gisid": "4479010", "strnr": "44790", "strname": "Schloßbrücke", "strabnr": "10", "strabtypname": "Strasse", "bez": "01", "bezname": "Mitte", "ort": "0101", "ortname": "Mitte" }, "geometry": { "type": "MultiLineString", "coordinates": [ [ [ 1491459.018595030065626, 6894256.845013130456209 ], [ 1491594.419413839932531, 6894273.548882960341871 ] ] ] } },
{ "type": "Feature", "properties": { "gisid": "4479710,4479720,4479730,4479740,4479750,4479760", "strnr": "44797", "strname": "Platz der Vereinten Nationen", "strabnr": "10,20,30,40,50,60", "strabtypname": "Strasse", "bez": "02", "bezname": "Friedrichshain-Kreuzberg", "ort": "0201", "ortname": "Friedrichshain" }, "geometry": { "type": "MultiLineString", "coordinates": [ [ [ 1495452.291745869908482, 6895293.431204110383987 ], [ 1495332.560620570089668, 6895295.411839899607003 ] ], [ [ 1495332.560620570089668, 6895295.411839899607003 ], [ 1494996.704353549983352, 6895283.649532440118492 ] ], [ [ 1494996.704353549983352, 6895283.649532440118492 ], [ 1495009.836137610021979, 6895400.257313709706068 ], [ 1495066.757584359962493, 6895578.150937030091882 ], [ 1495071.246570450020954, 6895616.309044180437922 ] ], [ [ 1494996.704353549983352, 6895283.649532440118492 ], [ 1494981.242408189922571, 6894998.843596369959414 ], [ 1494970.155458169989288, 6894914.635599370114505 ] ], [ [ 1494996.704353549983352, 6895283.649532440118492 ], [ 1494619.198631689883769, 6895269.127012839540839 ] ], [ [ 1494873.061308860080317, 6894976.844951739534736 ], [ 1494879.496404930017889, 6895082.5788121400401 ], [ 1494877.486563479993492, 6895097.863573330454528 ], [ 1494866.134356030030176, 6895110.985498789697886 ], [ 1494693.037804849911481, 6895196.66035719960928 ], [ 1494621.268033239990473, 6895232.468082879669964 ], [ 1494619.198631689883769, 6895269.127012839540839 ] ] ] } },
{ "type": "Feature", "properties": { "gisid": "4479810,4479820,4479830,4479840", "strnr": "44798", "strname": "Taubenstraße", "strabnr": "10,20,30,40", "strabtypname": "Strasse", "bez": "01", "bezname": "Mitte", "ort": "0101", "ortname": "Mitte" }, "geometry": { "type": "MultiLineString", "coordinates": [ [ [ 1490177.894199339905754, 6893384.550625660456717 ], [ 1490082.660861130105332, 6893374.698655519634485 ], [ 1490065.799714640015736, 6893366.423382109962404 ] ], [ [ 1490177.894199339905754, 6893384.550625660456717 ], [ 1490507.684904559981078, 6893419.833904789760709 ] ], [ [ 1490507.684904559981078, 6893419.833904789760709 ], [ 1490722.586379040032625, 6893439.277922520413995 ] ], [ [ 1490939.289778500096872, 6893459.543701290152967 ], [ 1490972.238588670035824, 6893462.444766390137374 ], [ 1491187.14812221005559, 6893480.06815304979682 ] ] ] } },
{ "type": "Feature", "properties": { "gisid": "4480110,4480120,4480130,4480140,4480150", "strnr": "44801", "strname": "Schützenstraße", "strabnr": "10,20,30,40,50", "strabtypname": "Strasse", "bez": "01", "bezname": "Mitte", "ort": "0101", "ortname": "Mitte" }, "geometry": { "type": "MultiLineString", "coordinates": [ [ [ 1490589.693988519953564, 6892609.264926520176232 ], [ 1490499.701791620114818, 6892603.709390830248594 ] ], [ [ 1490803.583320409990847, 6892630.83811389002949 ], [ 1490589.693988519953564, 6892609.264926520176232 ] ], [ [ 1491019.767112809931859, 6892653.070521139539778 ], [ 1490803.583320409990847, 6892630.83811389002949 ] ], [ [ 1491353.637558639980853, 6892686.027969930320978 ], [ 1491019.767112809931859, 6892653.070521139539778 ] ], [ [ 1491353.637558639980853, 6892686.027969930320978 ], [ 1491657.357672540005296, 6892714.274707670323551 ] ] ] } },
{ "type": "Feature", "properties": { "gisid": "4480210,4480220,4480230,4480240", "strnr": "44802", "strname": "Engeldamm", "strabnr": "10,20,30,40", "strabtypname": "Strasse", "bez": "01", "bezname": "Mitte", "ort": "0101", "ortname": "Mitte" }, "geometry": { "type": "MultiLineString", "coordinates": [ [ [ 1494767.065441830083728, 6892428.600437760353088 ], [ 1494799.11358253005892, 6892459.917046030052006 ], [ 1494823.913099769968539, 6892504.033653349615633 ], [ 1494888.487152599962428, 6892632.412858679890633 ] ], [ [ 1494767.065441830083728, 6892428.600437760353088 ], [ 1494759.727096810005605, 6892414.28105151001364 ], [ 1494718.016024089884013, 6892319.824827499687672 ], [ 1494684.72829109011218, 6892262.701296170242131 ], [ 1494641.752481339965016, 6892211.303669789806008 ], [ 1494587.795199489919469, 6892159.053622409701347 ] ], [ [ 1494587.795199489919469, 6892159.053622409701347 ], [ 1494524.796373629942536, 6892115.982092750258744 ], [ 1494457.675454800017178, 6892081.609287150204182 ], [ 1494365.456942189950496, 6892052.58923557959497 ], [ 1494276.309681779937819, 6892039.354421409778297 ], [ 1494158.918183519970626, 6892042.637930070050061 ] ], [ [ 1493860.532083309954032, 6892161.598140180110931 ], [ 1494085.091501439921558, 6892061.328356700018048 ], [ 1494118.567444199929014, 6892050.083511729724705 ], [ 1494158.918183519970626, 6892042.637930070050061 ] ] ] } },
{ "type": "Feature", "properties": { "gisid": "4480410,4480420,4480430,4480440,4480450,4480460,4480470", "strnr": "44804", "strname": "Luisenstraße", "strabnr": "10,20,30,40,50,60,70", "strabtypname": "Strasse", "bez": "01", "bezname": "Mitte", "ort": "0101", "ortname": "Mitte" }, "geometry": { "type": "MultiLineString", "coordinates": [ [ [ 1489319.120454390067607, 6896085.614959079772234 ], [ 1489397.279180299956352, 6895340.873211580328643 ] ], [ [ 1489397.279180299956352, 6895340.873211580328643 ], [ 1489409.172931750072166, 6895219.903571420349181 ] ], [ [ 1489409.172931750072166, 6895219.903571420349181 ], [ 1489414.578608450014144, 6895173.721649900078773 ] ], [ [ 1489414.578608450014144, 6895173.721649900078773 ], [ 1489432.352582579944283, 6895011.507337530143559 ] ], [ [ 1489432.352582579944283, 6895011.507337530143559 ], [ 1489440.636426819954067, 6894938.86651340033859 ] ], [ [ 1489440.636426819954067, 6894938.86651340033859 ], [ 1489446.623566180001944, 6894866.38273824006319 ] ], [ [ 1489446.623566180001944, 6894866.38273824006319 ], [ 1489470.645868299994618, 6894650.76470824982971 ] ] ] } },
{ "type": "Feature", "properties": { "gisid": "4480610,4480620", "strnr": "44806", "strname": "Gendarmenmarkt", "strabnr": "10,20", "strabtypname": "Strasse", "bez": "01", "bezname": "Mitte", "ort": "0101", "ortname": "Mitte" }, "geometry": { "type": "MultiLineString", "coordinates": [ [ [ 1490704.354405489983037, 6893600.146898649632931 ], [ 1490924.496640339959413, 6893623.219251030124724 ] ], [ [ 1490722.586379040032625, 6893439.277922520413995 ], [ 1490739.936038319952786, 6893448.868459009565413 ], [ 1490919.739372780080885, 6893471.315688610076904 ], [ 1490939.289778500096872, 6893459.543701290152967 ] ] ] } },
{ "type": "Feature", "properties": { "gisid": "4480710", "strnr": "44807", "strname": "Lustgarten", "strabnr": "10", "strabtypname": "Strasse", "bez": "01", "bezname": "Mitte", "ort": "0101", "ortname": "Mitte" }, "geometry": { "type": "MultiLineString", "coordinates": [ [ [ 1491594.419413839932531, 6894273.548882960341871 ], [ 1491629.646390320034698, 6894283.194915220141411 ], [ 1491796.265902779996395, 6894385.809142310172319 ] ] ] } },
{ "type": "Feature", "properties": { "gisid": "4481010,44810100,44810110,44810120,44810130,44810140,44810150,44810160,44810170,44810180,44810190,4481020,44810200,44810210,44810220,44810230,44810240,44810250,44810260,44810270,44810280,44810290,4481030,44810300,44810310,44810320,44810330,44810340,44810350,44810360,44810370,44810380,44810390,4481040,44810400,44810410,44810420,44810430,44810440,44810450,44810460,44810470,4481050,4481060,4481070,4481080,4481090", "strnr": "44810", "strname": "Landsberger Allee", "strabnr": "10,100,110,120,130,140,150,160,170,180,190,20,200,210,220,230,240,250,260,270,280,290,30,300,310,320,330,340,350,360,370,380,390,40,400,410,420,430,440,450,460,470,50,60,70,80,90", "strabtypname": "Strasse", "bez": "02", "bezname": "Friedrichshain-Kreuzberg", "ort": "0201", "ortname": "Friedrichshain" }, "geometry": { "type": "MultiLineString", "coordinates": [ [ [ 1495452.291745869908482, 6895293.431204110383987 ], [ 1495670.712281720014289, 6895307.823690979741514 ], [ 1495760.542846830096096, 6895325.324844569899142 ] ], [ [ 1497926.84472134988755, 6896267.482917450368404 ], [ 1498104.665035140002146, 6896331.703256010077894 ] ], [ [ 1498104.665035140002146, 6896331.703256010077894 ], [ 1498445.084644560003653, 6896448.916615320369601 ] ], [ [ 1498445.084644560003653, 6896448.916615320369601 ], [ 1498571.288962689926848, 6896492.782790640369058 ] ], [ [ 1498571.288962689926848, 6896492.782790640369058 ], [ 1499358.640539200045168, 6896795.640617350116372 ] ], [ [ 1499358.640539200045168, 6896795.640617350116372 ], [ 1499656.965183429885656, 6896900.876802390441298 ] ], [ [ 1499656.965183429885656, 6896900.876802390441298 ], [ 1500123.300489109940827, 6897073.717042819596827 ], [ 1500163.96172644989565, 6897084.162585229612887 ] ], [ [ 1500163.96172644989565, 6897084.162585229612887 ], [ 1500286.474112020106986, 6897098.067049000412226 ], [ 1501140.821467279922217, 6897180.045618049800396 ] ], [ [ 1501140.821467279922217, 6897180.045618049800396 ], [ 1501896.112397979944944, 6897255.993116790428758 ] ], [ [ 1501896.112397979944944, 6897255.993116790428758 ], [ 1502175.11146601010114, 6897281.178965919651091 ], [ 1502420.666987159987912, 6897294.782743150368333 ] ], [ [ 1502420.666987159987912, 6897294.782743150368333 ], [ 1502482.348978369962424, 6897294.893957659602165 ] ], [ [ 1495760.542846830096096, 6895325.324844569899142 ], [ 1495970.511267530033365, 6895374.050137709826231 ], [ 1496083.052843240089715, 6895425.477313810028136 ] ], [ [ 1502482.348978369962424, 6897294.893957659602165 ], [ 1502612.925667539937422, 6897298.252459390088916 ], [ 1502781.051255519967526, 6897312.035211940295994 ] ], [ [ 1502781.051255519967526, 6897312.035211940295994 ], [ 1503439.924239099957049, 6897378.784923519939184 ] ], [ [ 1503439.924239099957049, 6897378.784923519939184 ], [ 1504392.568138439906761, 6897481.631433069705963 ] ], [ [ 1504392.568138439906761, 6897481.631433069705963 ], [ 1504746.699205819983035, 6897520.00093815010041 ] ], [ [ 1504746.699205819983035, 6897520.00093815010041 ], [ 1504877.430793890031055, 6897532.532268400304019 ] ], [ [ 1504877.430793890031055, 6897532.532268400304019 ], [ 1504971.4141379899811, 6897545.500347780063748 ] ], [ [ 1504971.4141379899811, 6897545.500347780063748 ], [ 1505167.256614659912884, 6897571.280274719931185 ], [ 1505262.875767569988966, 6897588.194570809602737 ] ], [ [ 1505262.875767569988966, 6897588.194570809602737 ], [ 1505339.950464870082214, 6897609.685931759886444 ], [ 1505435.379015740007162, 6897645.840147539973259 ], [ 1505568.668359260074794, 6897708.361172050237656 ] ], [ [ 1505568.668359260074794, 6897708.361172050237656 ], [ 1506087.215095249935985, 6897980.776509580202401 ], [ 1506607.400078780017793, 6898153.826723580248654 ] ], [ [ 1507418.715758370002732, 6898424.566866369917989 ], [ 1507504.660010399995372, 6898449.66858527995646 ], [ 1507643.399774949997663, 6898506.411047680303454 ], [ 1507728.356660099932924, 6898535.292683470062912 ] ], [ [ 1496083.052843240089715, 6895425.477313810028136 ], [ 1496414.596310809953138, 6895588.28579858969897 ] ], [ [ 1508393.95609637000598, 6898891.47778485994786 ], [ 1508847.417943200096488, 6899113.679127629846334 ] ], [ [ 1508847.417943200096488, 6899113.679127629846334 ], [ 1509023.892383099999279, 6899197.0882298797369 ], [ 1509091.633768730098382, 6899224.625055260024965 ], [ 1509166.108595110010356, 6899246.410447400063276 ], [ 1509273.890865290071815, 6899271.352389549836516 ], [ 1509362.656825949903578, 6899277.851488349959254 ], [ 1509470.627631559967995, 6899277.293985100463033 ], [ 1509553.335736490087584, 6899269.309562290087342 ], [ 1509630.143220389960334, 6899253.752167999744415 ] ], [ [ 1509630.143220389960334, 6899253.752167999744415 ], [ 1509766.364105530083179, 6899222.455450840294361 ], [ 1509859.57514951005578, 6899211.680741799995303 ], [ 1509922.09403781988658, 6899209.925796739757061 ], [ 1510003.3175773199182, 6899209.50236393045634 ] ], [ [ 1510003.3175773199182, 6899209.50236393045634 ], [ 1510103.897329760016873, 6899216.33229152020067 ], [ 1510199.049705609912053, 6899238.454584890045226 ], [ 1510282.219996609957889, 6899265.665309620089829 ], [ 1510397.535653919912875, 6899313.463572110049427 ], [ 1510572.723587079904974, 6899389.601492510177195 ], [ 1510769.732635380001739, 6899474.142660150304437 ] ], [ [ 1510769.732635380001739, 6899474.142660150304437 ], [ 1511177.539811800001189, 6899653.586544119752944 ] ], [ [ 1511177.539811800001189, 6899653.586544119752944 ], [ 1512077.871770970057696, 6900036.987762499600649 ] ], [ [ 1512077.871770970057696, 6900036.987762499600649 ], [ 1512209.780429529957473, 6900090.532367629930377 ], [ 1512273.443253149976954, 6900108.007682049646974 ], [ 1512344.496855539968237, 6900115.2868034504354 ], [ 1512412.437531319912523, 6900113.515180690214038 ], [ 1512477.430055079981685, 6900101.541675279848278 ], [ 1512528.47647303994745, 6900083.637533379718661 ] ], [ [ 1506607.400078780017793, 6898153.826723580248654 ], [ 1506689.049814689904451, 6898197.352091469801962 ], [ 1506785.301421920070425, 6898241.717752469703555 ], [ 1506909.110492130042985, 6898291.708917769603431 ] ], [ [ 1507728.356660099932924, 6898535.292683470062912 ], [ 1507886.255418580025434, 6898628.568619010038674 ], [ 1508021.201906339963898, 6898708.164817390032113 ], [ 1508123.855924089904875, 6898761.735540529713035 ], [ 1508393.95609637000598, 6898891.47778485994786 ] ], [ [ 1506909.110492130042985, 6898291.708917769603431 ], [ 1506975.862586899893358, 6898311.199917700141668 ], [ 1507144.968822709983215, 6898351.703977780416608 ] ], [ [ 1496414.596310809953138, 6895588.28579858969897 ], [ 1496556.624290829990059, 6895656.389864630065858 ] ], [ [ 1506607.400078780017793, 6898153.826723580248654 ], [ 1506699.592651810031384, 6898163.648130539804697 ], [ 1506827.535591159947217, 6898186.671540959738195 ] ], [ [ 1507270.728586019948125, 6898282.775152419693768 ], [ 1507308.773896900005639, 6898298.445885700173676 ], [ 1507427.008849279955029, 6898348.422808130271733 ], [ 1507512.605555210029706, 6898389.478462870232761 ], [ 1507654.43174835992977, 6898472.211570680141449 ], [ 1507728.356660099932924, 6898535.292683470062912 ] ], [ [ 1507213.743036240106449, 6898327.608928239904344 ], [ 1507237.698901260038838, 6898326.157401589676738 ], [ 1507382.033441120060161, 6898365.639897069893777 ], [ 1507458.788439919939265, 6898391.060225379653275 ], [ 1507523.890183350071311, 6898420.578118889592588 ], [ 1507728.356660099932924, 6898535.292683470062912 ] ], [ [ 1506607.400078780017793, 6898153.826723580248654 ], [ 1506658.079879119992256, 6898166.884944009594619 ], [ 1506712.68385515990667, 6898190.63870763964951 ], [ 1506936.063513959990814, 6898254.735148400068283 ], [ 1506969.522421679925174, 6898263.658384059555829 ] ], [ [ 1507144.968822709983215, 6898351.703977780416608 ], [ 1507313.910457849968225, 6898394.013781690038741 ], [ 1507382.961526330094784, 6898413.339900629594922 ], [ 1507418.715758370002732, 6898424.566866369917989 ] ], [ [ 1507026.507008279906586, 6898220.306857200339437 ], [ 1507109.01184396003373, 6898237.677792520262301 ], [ 1507270.728586019948125, 6898282.775152419693768 ] ], [ [ 1506827.535591159947217, 6898186.671540959738195 ], [ 1507026.507008279906586, 6898220.306857200339437 ] ], [ [ 1498590.018815180053934, 6896407.316977170296013 ], [ 1498571.288962689926848, 6896492.782790640369058 ] ], [ [ 1496556.624290829990059, 6895656.389864630065858 ], [ 1496676.710124779958278, 6895711.118045150302351 ] ], [ [ 1496676.710124779958278, 6895711.118045150302351 ], [ 1496986.308157820021734, 6895870.071437030099332 ] ], [ [ 1496986.308157820021734, 6895870.071437030099332 ], [ 1497333.163810220081359, 6896024.009533739648759 ] ], [ [ 1497333.163810220081359, 6896024.009533739648759 ], [ 1497491.271300690015778, 6896096.414975799620152 ] ], [ [ 1497491.271300690015778, 6896096.414975799620152 ], [ 1497819.167697039898485, 6896229.900317509658635 ] ] ] } },
{ "type": "Feature", "properties": { "gisid": "4481510,4481520,4481530,4481540,4481550,4481560", "strnr": "44815", "strname": "Hermann-Hesse-Straße", "strabnr": "10,20,30,40,50,60", "strabtypname": "Strasse", "bez": "03", "bezname": "Pankow", "ort": "0311", "ortname": "Niederschönhausen" }, "geometry": { "type": "MultiLineString", "coordinates": [ [ [ 1491735.657834240002558, 6905758.112110869958997 ], [ 1491783.755398700013757, 6905764.354265769943595 ], [ 1491831.348572439979762, 6905774.381064480170608 ], [ 1492106.996654360089451, 6905853.9319251999259 ] ], [ [ 1491511.123547120019794, 6905667.681552530266345 ], [ 1491581.43341394001618, 6905712.353443359956145 ], [ 1491630.284291809890419, 6905740.000608249567449 ], [ 1491735.657834240002558, 6905758.112110869958997 ] ], [ [ 1490878.226999169914052, 6904903.627318380400538 ], [ 1490903.70705732004717, 6904945.68611709959805 ], [ 1491016.957945890026167, 6905114.617806140333414 ], [ 1491198.87458060006611, 6905380.075045029632747 ], [ 1491216.708013290073723, 6905400.710017680190504 ], [ 1491413.865070109954104, 6905576.663717780262232 ] ], [ [ 1490820.096726180054247, 6904853.561125240288675 ], [ 1490878.226999169914052, 6904903.627318380400538 ] ], [ [ 1490519.820852410048246, 6904637.270211449824274 ], [ 1490820.096726180054247, 6904853.561125240288675 ] ], [ [ 1489871.193504160037264, 6904356.270305239595473 ], [ 1489905.499503419967368, 6904359.348743639886379 ], [ 1490381.564391450025141, 6904537.885949419811368 ], [ 1490459.877702509984374, 6904590.489153940230608 ], [ 1490519.820852410048246, 6904637.270211449824274 ] ] ] } },
{ "type": "Feature", "properties": { "gisid": "4481710,44817100,44817110,4481720,4481730,4481740,4481750,4481760,4481770,4481780,4481790", "strnr": "44817", "strname": "Radickestraße", "strabnr": "10,100,110,20,30,40,50,60,70,80,90", "strabtypname": "Strasse", "bez": "09", "bezname": "Treptow-Köpenick", "ort": "0907", "ortname": "Adlershof" }, "geometry": { "type": "MultiLineString", "coordinates": [ [ [ 1508841.913871600059792, 6879698.815673359669745 ], [ 1508929.923626190051436, 6879755.354268279857934 ], [ 1508980.29652068996802, 6879800.203892249614 ] ], [ [ 1507833.98222884000279, 6879049.406885590404272 ], [ 1507944.549219470005482, 6879120.580913960002363 ] ], [ [ 1507833.98222884000279, 6879049.406885590404272 ], [ 1507655.053386900108308, 6878932.209552239626646 ] ], [ [ 1508692.235372009919956, 6879602.173806100152433 ], [ 1508841.913871600059792, 6879698.815673359669745 ] ], [ [ 1508536.505236129974946, 6879504.375171300023794 ], [ 1508692.235372009919956, 6879602.173806100152433 ] ], [ [ 1508382.090755820041522, 6879404.114707980304956 ], [ 1508536.505236129974946, 6879504.375171300023794 ] ], [ [ 1508382.090755820041522, 6879404.114707980304956 ], [ 1508304.884951019892469, 6879354.148017269559205 ] ], [ [ 1508304.884951019892469, 6879354.148017269559205 ], [ 1508161.761955040041357, 6879261.609557960182428 ] ], [ [ 1508048.411045589949936, 6879188.301006969995797 ], [ 1508161.761955040041357, 6879261.609557960182428 ] ], [ [ 1507986.256274580024183, 6879148.68665461987257 ], [ 1508048.411045589949936, 6879188.301006969995797 ] ], [ [ 1507944.549219470005482, 6879120.580913960002363 ], [ 1507986.256274580024183, 6879148.68665461987257 ] ] ] } },
{ "type": "Feature", "properties": { "gisid": "4482010,4482020,4482030,4482040,4482050,4482060", "strnr": "44820", "strname": "Ernst-Barlach-Straße", "strabnr": "10,20,30,40,50,60", "strabtypname": "Strasse", "bez": "11", "bezname": "Lichtenberg", "ort": "1107", "ortname": "Wartenberg" }, "geometry": { "type": "MultiLineString", "coordinates": [ [ [ 1504150.28588933008723, 6904835.642702239565551 ], [ 1504318.603139620041475, 6904829.159449709579349 ] ], [ [ 1503895.915307129966095, 6904848.896929680369794 ], [ 1504150.28588933008723, 6904835.642702239565551 ] ], [ [ 1503745.659944989951327, 6904855.071695920079947 ], [ 1503895.915307129966095, 6904848.896929680369794 ] ], [ [ 1503593.265214669983834, 6904864.038385829888284 ], [ 1503745.659944989951327, 6904855.071695920079947 ] ], [ [ 1503477.329639439936727, 6904869.11286215018481 ], [ 1503593.265214669983834, 6904864.038385829888284 ] ], [ [ 1503178.720294229919091, 6904921.118324940092862 ], [ 1503233.934809680096805, 6904896.356346850283444 ], [ 1503288.969445619964972, 6904880.64726132992655 ], [ 1503477.329639439936727, 6904869.11286215018481 ] ] ] } },
{ "type": "Feature", "properties": { "gisid": "4482110,4482120,4482130", "strnr": "44821", "strname": "Johanna-Tesch-Straße", "strabnr": "10,20,30", "strabtypname": "Strasse", "bez": "09", "bezname": "Treptow-Köpenick", "ort": "0905", "ortname": "Niederschöneweide" }, "geometry": { "type": "MultiLineString", "coordinates": [ [ [ 1507202.955670509953052, 6882218.325963360257447 ], [ 1507145.838179959915578, 6882059.523343729786575 ] ], [ [ 1507202.955670509953052, 6882218.325963360257447 ], [ 1507215.836159530095756, 6882264.140158549882472 ], [ 1507224.322997350012884, 6882287.295995719730854 ], [ 1507487.042943249922246, 6882362.625912389717996 ], [ 1507515.204278100049123, 6882364.956832969561219 ], [ 1507542.717507590074092, 6882361.541619390249252 ], [ 1507677.206504580099136, 6882313.92761151958257 ] ], [ [ 1507677.206504580099136, 6882313.92761151958257 ], [ 1507673.620463130064309, 6882299.642081339843571 ], [ 1507618.461099730106071, 6882138.21707525011152 ], [ 1507512.481031500035897, 6882172.730101989582181 ], [ 1507491.914586219936609, 6882117.059084739536047 ], [ 1507252.593776179943234, 6882198.030808909796178 ], [ 1507202.955670509953052, 6882218.325963360257447 ] ] ] } },
{ "type": "Feature", "properties": { "gisid": "4482510,44825100,44825110,44825120,4482520,4482530,4482540,4482550,4482560,4482570,4482580,4482590", "strnr": "44825", "strname": "Louis-Lewin-Straße", "strabnr": "10,100,110,120,20,30,40,50,60,70,80,90", "strabtypname": "Strasse", "bez": "10", "bezname": "Marzahn-Hellersdorf", "ort": "1005", "ortname": "Hellersdorf" }, "geometry": { "type": "MultiLineString", "coordinates": [ [ [ 1516259.178785739932209, 6896680.567672960460186 ], [ 1516336.096709829987958, 6896897.14950290042907 ] ], [ [ 1516145.847693410003558, 6898271.880132510326803 ], [ 1516106.944735320052132, 6898465.468135659582913 ], [ 1516095.943253349978477, 6898553.629232780076563 ] ], [ [ 1516095.943253349978477, 6898553.629232780076563 ], [ 1516120.862546340096742, 6898762.198208400048316 ] ], [ [ 1516120.862546340096742, 6898762.198208400048316 ], [ 1516167.593949390109628, 6899108.619261059910059 ] ], [ [ 1516336.096709829987958, 6896897.14950290042907 ], [ 1516397.931227329885587, 6897040.554094569757581 ] ], [ [ 1516397.931227329885587, 6897040.554094569757581 ], [ 1516502.417526419973001, 6897229.352586889639497 ] ], [ [ 1516502.417526419973001, 6897229.352586889639497 ], [ 1516525.382221559993923, 6897273.756737999618053 ], [ 1516534.238980209920555, 6897313.062308779917657 ], [ 1516532.76128813996911, 6897343.486992100253701 ], [ 1516527.182352859992534, 6897371.444601159542799 ], [ 1516509.626140580046922, 6897431.635843699797988 ] ], [ [ 1516509.626140580046922, 6897431.635843699797988 ], [ 1516460.237641060026363, 6897604.811649180017412 ] ], [ [ 1516460.237641060026363, 6897604.811649180017412 ], [ 1516442.188797010108829, 6897654.807684529572725 ], [ 1516418.070102469995618, 6897699.705259869806468 ], [ 1516387.553647649940103, 6897730.787441859953105 ], [ 1516299.451237560017034, 6897781.272899569943547 ] ], [ [ 1516299.451237560017034, 6897781.272899569943547 ], [ 1516257.777547769946977, 6897817.945912879891694 ], [ 1516239.400317890103906, 6897852.1539535401389 ], [ 1516225.944638239918277, 6897884.717629269696772 ], [ 1516207.071219800040126, 6897961.852517389692366 ] ], [ [ 1516207.071219800040126, 6897961.852517389692366 ], [ 1516168.827167740091681, 6898160.367642659693956 ] ], [ [ 1516151.428364549996331, 6898246.057763979770243 ], [ 1516145.847693410003558, 6898271.880132510326803 ] ] ] } },
{ "type": "Feature", "properties": { "gisid": "4482610,4482620,4482630,4482640,4482650", "strnr": "44826", "strname": "Peter-Huchel-Straße", "strabnr": "10,20,30,40,50", "strabtypname": "Strasse", "bez": "10", "bezname": "Marzahn-Hellersdorf", "ort": "1005", "ortname": "Hellersdorf" }, "geometry": { "type": "MultiLineString", "coordinates": [ [ [ 1513062.475461629917845, 6895589.494311979971826 ], [ 1512852.024283170001581, 6895632.963752729818225 ], [ 1512837.427517059957609, 6895631.96990770008415 ], [ 1512831.527658049948514, 6895622.759347399696708 ], [ 1512779.182567520067096, 6895349.137656309641898 ], [ 1512771.997976209968328, 6895287.148888849653304 ] ], [ [ 1513170.406286040088162, 6895568.169993739575148 ], [ 1513062.475461629917845, 6895589.494311979971826 ] ], [ [ 1513170.406286040088162, 6895568.169993739575148 ], [ 1513230.139913249993697, 6895857.256030869670212 ], [ 1513225.202936910092831, 6895893.099090269766748 ] ], [ [ 1513291.29536278010346, 6895542.739515099674463 ], [ 1513170.406286040088162, 6895568.169993739575148 ] ], [ [ 1513291.29536278010346, 6895542.739515099674463 ], [ 1513330.98947698995471, 6895535.522521150298417 ], [ 1513343.289270420093089, 6895538.158728940412402 ], [ 1513394.118734460091218, 6895571.558422279544175 ], [ 1513404.613905359990895, 6895575.344731830060482 ], [ 1513563.884210020070896, 6895542.856293779797852 ] ] ] } },
{ "type": "Feature", "properties": { "gisid": "4482710,4482720,4482730,4482740,4482750,4482760,4482770,4482780,4482790", "strnr": "44827", "strname": "Nossener Straße", "strabnr": "10,20,30,40,50,60,70,80,90", "strabtypname": "Strasse", "bez": "10", "bezname": "Marzahn-Hellersdorf", "ort": "1005", "ortname": "Hellersdorf" }, "geometry": { "type": "MultiLineString", "coordinates": [ [ [ 1514856.844696080079302, 6896650.080837139859796 ], [ 1514796.519548610085621, 6896496.476280570030212 ] ], [ [ 1514796.519548610085621, 6896496.476280570030212 ], [ 1514854.756987760076299, 6896472.811654940247536 ] ], [ [ 1514854.756987760076299, 6896472.811654940247536 ], [ 1514844.267339220037684, 6896439.7566804504022 ], [ 1514773.597831439925358, 6896333.346818040125072 ], [ 1514772.126943269977346, 6896313.120509760454297 ], [ 1514782.139645349932835, 6896286.648911230266094 ], [ 1514795.100684650009498, 6896275.635021010413766 ], [ 1514837.423428500071168, 6896261.504360520280898 ] ], [ [ 1514854.756987760076299, 6896472.811654940247536 ], [ 1514979.75895142997615, 6896430.416610069572926 ] ], [ [ 1514931.107565779937431, 6896835.264927740208805 ], [ 1515090.237407669890672, 6896781.034285149537027 ], [ 1515107.301504130009562, 6896762.126824730075896 ], [ 1515118.953976549906656, 6896735.817925309762359 ], [ 1515121.583045040024444, 6896715.591822410002351 ] ], [ [ 1514856.844696080079302, 6896650.080837139859796 ], [ 1514931.107565779937431, 6896835.264927740208805 ] ], [ [ 1514931.107565779937431, 6896835.264927740208805 ], [ 1514943.89429285004735, 6896869.966633040457964 ] ], [ [ 1514943.89429285004735, 6896869.966633040457964 ], [ 1515025.368014570092782, 6897103.176889079622924 ] ], [ [ 1515020.720247690100223, 6896630.880252820439637 ], [ 1515058.943274019984528, 6896617.569050289690495 ], [ 1515088.959040679968894, 6896629.251297320239246 ], [ 1515121.583045040024444, 6896715.591822410002351 ] ] ] } },
{ "type": "Feature", "properties": { "gisid": "4482810,44828100,44828110,44828120,44828130,44828140,4482820,4482830,4482840,4482850,4482860,4482870,4482880,4482890", "strnr": "44828", "strname": "Lily-Braun-Straße", "strabnr": "10,100,110,120,130,140,20,30,40,50,60,70,80,90", "strabtypname": "Strasse", "bez": "10", "bezname": "Marzahn-Hellersdorf", "ort": "1005", "ortname": "Hellersdorf" }, "geometry": { "type": "MultiLineString", "coordinates": [ [ [ 1513068.273487640079111, 6894430.07427904009819 ], [ 1513108.031004300108179, 6894626.38736813981086 ] ], [ [ 1513222.569882619893178, 6895191.183323009870946 ], [ 1513295.401065689977258, 6895530.409741110168397 ], [ 1513291.29536278010346, 6895542.739515099674463 ] ], [ [ 1513272.93407191010192, 6894793.168990950100124 ], [ 1513399.059918490005657, 6894765.933151870034635 ] ], [ [ 1513293.324588669929653, 6894670.53211375977844 ], [ 1513358.60029436997138, 6894657.244280000217259 ] ], [ [ 1513291.053738510003313, 6894614.30528805963695 ], [ 1513340.091642400017008, 6894605.449243759736419 ] ], [ [ 1513280.095053789904341, 6894549.690445070154965 ], [ 1513331.756466530030593, 6894541.000064400024712 ] ], [ [ 1513108.031004300108179, 6894626.38736813981086 ], [ 1512935.163877380080521, 6894662.144446490332484 ] ], [ [ 1513108.031004300108179, 6894626.38736813981086 ], [ 1513238.090734550030902, 6894598.992049629800022 ] ], [ [ 1513108.031004300108179, 6894626.38736813981086 ], [ 1513147.791835200041533, 6894819.745798190124333 ] ], [ [ 1513060.700812530005351, 6894836.967682179994881 ], [ 1513147.791835200041533, 6894819.745798190124333 ] ], [ [ 1513147.791835200041533, 6894819.745798190124333 ], [ 1513272.93407191010192, 6894793.168990950100124 ] ], [ [ 1513147.791835200041533, 6894819.745798190124333 ], [ 1513178.227385299978778, 6894967.727297520264983 ] ], [ [ 1513178.227385299978778, 6894967.727297520264983 ], [ 1513190.17275235010311, 6895025.769485959783196 ] ], [ [ 1513190.17275235010311, 6895025.769485959783196 ], [ 1513222.569882619893178, 6895191.183323009870946 ] ] ] } },
{ "type": "Feature", "properties": { "gisid": "4482910,4482920,4482930", "strnr": "44829", "strname": "Ernst-Bloch-Straße", "strabnr": "10,20,30", "strabtypname": "Strasse", "bez": "10", "bezname": "Marzahn-Hellersdorf", "ort": "1005", "ortname": "Hellersdorf" }, "geometry": { "type": "MultiLineString", "coordinates": [ [ [ 1512843.653557159937918, 6894337.737629880197346 ], [ 1512766.517641319893301, 6894458.202317669987679 ], [ 1512762.23924410995096, 6894486.641179059632123 ], [ 1512817.857387949945405, 6894761.715176260098815 ], [ 1512905.603376199956983, 6894745.811632580123842 ], [ 1512922.128241620026529, 6894824.734646080061793 ], [ 1513017.420046139974147, 6894806.203037099912763 ], [ 1513053.489077439997345, 6894827.921859569847584 ], [ 1513060.700812530005351, 6894836.967682179994881 ] ], [ [ 1513060.700812530005351, 6894836.967682179994881 ], [ 1513051.345029369927943, 6894853.568476689979434 ], [ 1513077.199953849893063, 6894973.598843079991639 ], [ 1513094.740576120093465, 6894989.719275900162756 ] ], [ [ 1513094.740576120093465, 6894989.719275900162756 ], [ 1513074.224292299943045, 6895023.742647689767182 ], [ 1513067.496257819933817, 6895031.959977800026536 ], [ 1513056.341653069946915, 6895037.215785710141063 ], [ 1512959.241210789885372, 6895059.857866460457444 ] ] ] } },
{ "type": "Feature", "properties": { "gisid": "4483010,4483020,4483030,4483040,4483050,4483060,4483070", "strnr": "44830", "strname": "Carola-Neher-Straße", "strabnr": "10,20,30,40,50,60,70", "strabtypname": "Strasse", "bez": "10", "bezname": "Marzahn-Hellersdorf", "ort": "1005", "ortname": "Hellersdorf" }, "geometry": { "type": "MultiLineString", "coordinates": [ [ [ 1513649.937872539972886, 6896899.152213689871132 ], [ 1513566.717041980009526, 6897026.731817309744656 ], [ 1513553.91650854004547, 6897039.06036068033427 ], [ 1513476.48058882006444, 6897057.117617139592767 ], [ 1513458.437193789985031, 6897053.656514380127192 ], [ 1513226.548456080025062, 6896902.753453330136836 ], [ 1513215.0695499998983, 6896894.196818470023572 ], [ 1513207.201494179898873, 6896881.366194330155849 ], [ 1513151.719813599949703, 6896605.565349569544196 ] ], [ [ 1513784.692126729991287, 6896698.74447537958622 ], [ 1513773.36831238004379, 6896712.717897520400584 ], [ 1513649.937872539972886, 6896899.152213689871132 ] ], [ [ 1513784.692126729991287, 6896698.74447537958622 ], [ 1513801.758312789956108, 6896682.142188959755003 ], [ 1513898.594496489968151, 6896533.686549480073154 ], [ 1513901.38618598994799, 6896525.301094659604132 ] ], [ [ 1513901.38618598994799, 6896525.301094659604132 ], [ 1513897.945444029988721, 6896514.446713159792125 ], [ 1513882.717558699892834, 6896441.9228420201689 ] ], [ [ 1513901.38618598994799, 6896525.301094659604132 ], [ 1514023.079041149932891, 6896579.77553891018033 ] ], [ [ 1514023.079041149932891, 6896579.77553891018033 ], [ 1514101.966887529939413, 6896615.158342150039971 ] ], [ [ 1513882.717558699892834, 6896441.9228420201689 ], [ 1513855.698994460050017, 6896318.255116409622133 ] ] ] } },
{ "type": "Feature", "properties": { "gisid": "4483110,4483120,4483130,4483140,4483150", "strnr": "44831", "strname": "Adele-Sandrock-Straße", "strabnr": "10,20,30,40,50", "strabtypname": "Strasse", "bez": "10", "bezname": "Marzahn-Hellersdorf", "ort": "1005", "ortname": "Hellersdorf" }, "geometry": { "type": "MultiLineString", "coordinates": [ [ [ 1516150.542037369916216, 6897173.907318290323019 ], [ 1516368.730556430062279, 6897054.201901749707758 ], [ 1516397.931227329885587, 6897040.554094569757581 ] ], [ [ 1516090.815027530072257, 6897318.458698459900916 ], [ 1516112.639856690075248, 6897251.691318809986115 ], [ 1516131.672900950070471, 6897214.526043679565191 ], [ 1516150.542037369916216, 6897173.907318290323019 ] ], [ [ 1516043.224077160004526, 6897478.472555340267718 ], [ 1516090.815027530072257, 6897318.458698459900916 ] ], [ [ 1516020.576992199989036, 6897551.984545170329511 ], [ 1516043.224077160004526, 6897478.472555340267718 ] ], [ [ 1516020.576992199989036, 6897551.984545170329511 ], [ 1516025.330718939891085, 6897587.5089824302122 ], [ 1516069.45343455998227, 6897665.469266030006111 ], [ 1516092.091046039946377, 6897686.358563080430031 ], [ 1516247.284410299966112, 6897734.889465440064669 ], [ 1516276.321371369995177, 6897750.680327580310404 ], [ 1516299.451237560017034, 6897781.272899569943547 ] ] ] } },
{ "type": "Feature", "properties": { "gisid": "4483210,4483220,4483230,4483240,4483250,4483260", "strnr": "44832", "strname": "Mark-Twain-Straße", "strabnr": "10,20,30,40,50,60", "strabtypname": "Strasse", "bez": "10", "bezname": "Marzahn-Hellersdorf", "ort": "1005", "ortname": "Hellersdorf" }, "geometry": { "type": "MultiLineString", "coordinates": [ [ [ 1515025.368014570092782, 6897103.176889079622924 ], [ 1515015.350607770029455, 6897149.714867140166461 ], [ 1515073.711772419977933, 6897322.40673351008445 ] ], [ [ 1515073.711772419977933, 6897322.40673351008445 ], [ 1515088.63124861009419, 6897363.03120903018862 ] ], [ [ 1515088.63124861009419, 6897363.03120903018862 ], [ 1515150.111021700082347, 6897543.29312296025455 ] ], [ [ 1515150.111021700082347, 6897543.29312296025455 ], [ 1515165.52645017998293, 6897569.44580378010869 ], [ 1515194.886076549999416, 6897597.410788290202618 ], [ 1515229.499342520022765, 6897608.765794600360096 ] ], [ [ 1515604.025519770104438, 6897674.948208509944379 ], [ 1515582.53534311009571, 6897668.366293840110302 ], [ 1515229.499342520022765, 6897608.765794600360096 ] ], [ [ 1515809.413748889928684, 6897749.480940040200949 ], [ 1515604.025519770104438, 6897674.948208509944379 ] ] ] } },
{ "type": "Feature", "properties": { "gisid": "4483310,4483320,4483330,4483340,4483350,4483360,4483370,4483380", "strnr": "44833", "strname": "Petersburger Straße", "strabnr": "10,20,30,40,50,60,70,80", "strabtypname": "Strasse", "bez": "02", "bezname": "Friedrichshain-Kreuzberg", "ort": "0201", "ortname": "Friedrichshain" }, "geometry": { "type": "MultiLineString", "coordinates": [ [ [ 1496986.308157820021734, 6895870.071437030099332 ], [ 1497066.161553760059178, 6895680.028574029915035 ] ], [ [ 1497066.161553760059178, 6895680.028574029915035 ], [ 1497143.211873889900744, 6895494.421762799844146 ] ], [ [ 1497143.211873889900744, 6895494.421762799844146 ], [ 1497217.623851010110229, 6895313.251197589561343 ] ], [ [ 1497217.623851010110229, 6895313.251197589561343 ], [ 1497295.821175629971549, 6895125.188098790124059 ] ], [ [ 1497295.821175629971549, 6895125.188098790124059 ], [ 1497367.586693640099838, 6894950.429890929721296 ] ], [ [ 1497367.586693640099838, 6894950.429890929721296 ], [ 1497437.035611510043964, 6894782.903297550044954 ] ], [ [ 1497437.035611510043964, 6894782.903297550044954 ], [ 1497559.741520470008254, 6894494.673082949593663 ] ], [ [ 1497674.152818880043924, 6894036.449802909977734 ], [ 1497601.063119909958914, 6894359.472798129543662 ] ] ] } },
{ "type": "Feature", "properties": { "gisid": "4483510,44835100,44835110,44835120,44835130,44835140,44835150,44835160,44835170,44835180,44835190,4483520,44835200,44835210,44835220,44835230,4483530,4483540,4483550,4483560,4483570,4483580,4483590", "strnr": "44835", "strname": "Cecilienstraße", "strabnr": "10,100,110,120,130,140,150,160,170,180,190,20,200,210,220,230,30,40,50,60,70,80,90", "strabtypname": "Strasse", "bez": "10", "bezname": "Marzahn-Hellersdorf", "ort": "1001", "ortname": "Marzahn" }, "geometry": { "type": "MultiLineString", "coordinates": [ [ [ 1508302.73649454000406, 6896573.401913840323687 ], [ 1508357.532838890096173, 6896564.744893809780478 ] ], [ [ 1510131.556334829889238, 6896367.624130380339921 ], [ 1510201.441244930028915, 6896357.487404139712453 ] ], [ [ 1510201.441244930028915, 6896357.487404139712453 ], [ 1510313.314224600093439, 6896351.331103060394526 ], [ 1510395.987675900105387, 6896347.7806017100811 ], [ 1510471.284325189888477, 6896338.632472709752619 ], [ 1510557.245894950116053, 6896325.381242649629712 ] ], [ [ 1510752.986260249977931, 6896254.003126329742372 ], [ 1510685.710594709962606, 6896286.016599239781499 ], [ 1510637.635454620001838, 6896305.382842959836125 ], [ 1510598.423674120102078, 6896316.862902809865773 ], [ 1510557.245894950116053, 6896325.381242649629712 ] ], [ [ 1510926.613165539922193, 6896137.549658680334687 ], [ 1510861.461291990010068, 6896183.049177329987288 ], [ 1510820.434757390059531, 6896209.821170049719512 ], [ 1510752.986260249977931, 6896254.003126329742372 ] ], [ [ 1511046.098703349940479, 6896033.387192339636385 ], [ 1510982.58017515996471, 6896090.398623540066183 ], [ 1510926.613165539922193, 6896137.549658680334687 ] ], [ [ 1511046.098703349940479, 6896033.387192339636385 ], [ 1511103.868918240070343, 6895985.744058820419014 ], [ 1511189.034661469981074, 6895931.21405003964901 ], [ 1511272.221731009893119, 6895890.165469390340149 ], [ 1511471.896660239901394, 6895796.414201489649713 ], [ 1511595.765231650089845, 6895743.058160590007901 ] ], [ [ 1512137.004318679915741, 6895492.157791559584439 ], [ 1511595.765231650089845, 6895743.058160590007901 ] ], [ [ 1512167.798235469963402, 6895560.903764720074832 ], [ 1512137.004318679915741, 6895492.157791559584439 ] ], [ [ 1512359.949362240033224, 6895397.251868380233645 ], [ 1512320.578785930061713, 6895411.862841869704425 ], [ 1512137.004318679915741, 6895492.157791559584439 ] ], [ [ 1512537.932408760068938, 6895336.844073089770973 ], [ 1512359.949362240033224, 6895397.251868380233645 ] ], [ [ 1508651.515326889930293, 6896531.012118919752538 ], [ 1508488.282463369891047, 6896550.411783689633012 ] ], [ [ 1512537.932408760068938, 6895336.844073089770973 ], [ 1512583.863627480110154, 6895320.26270002964884 ], [ 1512771.997976209968328, 6895287.148888849653304 ] ], [ [ 1512989.6591545001138, 6895238.918797560036182 ], [ 1512771.997976209968328, 6895287.148888849653304 ] ], [ [ 1513222.569882619893178, 6895191.183323009870946 ], [ 1512989.6591545001138, 6895238.918797560036182 ] ], [ [ 1508357.532838890096173, 6896564.744893809780478 ], [ 1508488.282463369891047, 6896550.411783689633012 ] ], [ [ 1508843.290910329902545, 6896509.829117660410702 ], [ 1508651.515326889930293, 6896531.012118919752538 ] ], [ [ 1509050.812551510054618, 6896488.492475399747491 ], [ 1508843.290910329902545, 6896509.829117660410702 ] ], [ [ 1509272.607155610108748, 6896463.710838959552348 ], [ 1509050.812551510054618, 6896488.492475399747491 ] ], [ [ 1509272.607155610108748, 6896463.710838959552348 ], [ 1509433.539254949893802, 6896445.115596749819815 ] ], [ [ 1509650.573579810094088, 6896421.470195850357413 ], [ 1509433.539254949893802, 6896445.115596749819815 ] ], [ [ 1509650.573579810094088, 6896421.470195850357413 ], [ 1509979.65057640010491, 6896384.432211020030081 ] ], [ [ 1509979.65057640010491, 6896384.432211020030081 ], [ 1510131.556334829889238, 6896367.624130380339921 ] ] ] } },
{ "type": "Feature", "properties": { "gisid": "4483610,4483620,4483630,4483640,4483650,4483660", "strnr": "44836", "strname": "Weißenseer Weg", "strabnr": "10,20,30,40,50,60", "strabtypname": "Strasse", "bez": "11", "bezname": "Lichtenberg", "ort": "1111", "ortname": "Fennpfuhl" }, "geometry": { "type": "MultiLineString", "coordinates": [ [ [ 1500558.055751259904355, 6895921.887258339673281 ], [ 1500550.389853349886835, 6895981.559495260007679 ], [ 1500515.049304049927741, 6896099.548904280178249 ], [ 1500457.292566109914333, 6896270.277788089588284 ] ], [ [ 1500314.727488900069147, 6896681.08418552018702 ], [ 1500457.292566109914333, 6896270.277788089588284 ] ], [ [ 1500314.727488900069147, 6896681.08418552018702 ], [ 1500243.279155900003389, 6896884.684989679604769 ], [ 1500163.96172644989565, 6897084.162585229612887 ] ], [ [ 1500163.96172644989565, 6897084.162585229612887 ], [ 1500145.17662131995894, 6897124.578817630186677 ], [ 1499860.603519990108907, 6897646.463735749945045 ] ], [ [ 1499860.603519990108907, 6897646.463735749945045 ], [ 1499698.739993019960821, 6897926.040381940081716 ], [ 1499658.539958979934454, 6898005.064237019978464 ], [ 1499513.572689479915425, 6898355.411139760166407 ] ], [ [ 1499513.572689479915425, 6898355.411139760166407 ], [ 1499485.664428590098396, 6898438.905914929695427 ] ] ] } },
{ "type": "Feature", "properties": { "gisid": "4483910,44839100,44839110,44839120,44839130,44839140,44839150,4483920,4483930,4483940,4483950,4483960,4483970,4483980,4483990", "strnr": "44839", "strname": "Gensinger Straße", "strabnr": "10,100,110,120,130,140,150,20,30,40,50,60,70,80,90", "strabtypname": "Strasse", "bez": "11", "bezname": "Lichtenberg", "ort": "1101", "ortname": "Friedrichsfelde" }, "geometry": { "type": "MultiLineString", "coordinates": [ [ [ 1506431.095222040079534, 6892921.393680229783058 ], [ 1506438.976482949918136, 6893039.256562240421772 ] ], [ [ 1506007.5971241700463, 6893400.471163780428469 ], [ 1505758.500949709909037, 6893420.019736579619348 ], [ 1505750.469741299981251, 6893417.707394069992006 ] ], [ [ 1506438.976482949918136, 6893039.256562240421772 ], [ 1506447.012068470008671, 6893164.682420670054853 ] ], [ [ 1506438.976482949918136, 6893039.256562240421772 ], [ 1506687.231859890045598, 6893025.603985230438411 ], [ 1506707.380935909925029, 6893039.929595010355115 ], [ 1506713.166028599953279, 6893133.13555654976517 ] ], [ [ 1505992.718421, 6893247.745737809687853 ], [ 1505999.598747750045732, 6893252.357538560405374 ], [ 1506006.529715419979766, 6893340.965228919871151 ], [ 1506007.5971241700463, 6893400.471163780428469 ] ], [ [ 1505739.053933779941872, 6893254.30151870008558 ], [ 1505748.406314549967647, 6893249.712018139660358 ], [ 1505765.786669950000942, 6893249.736121489666402 ], [ 1505785.624895700020716, 6893250.914134399965405 ], [ 1505810.051117819966748, 6893254.399688620120287 ], [ 1505979.769783929921687, 6893244.276238479651511 ], [ 1505992.718421, 6893247.745737809687853 ] ], [ [ 1505750.469741299981251, 6893417.707394069992006 ], [ 1505744.576484829885885, 6893410.631004829891026 ], [ 1505730.835975359892473, 6893268.426355070434511 ], [ 1505739.053933779941872, 6893254.30151870008558 ] ], [ [ 1506100.739645659923553, 6893516.976967089809477 ], [ 1506186.340225769905373, 6893511.338043910451233 ], [ 1506288.654746599961072, 6893514.103798540309072 ], [ 1506351.463114520069212, 6893508.597494790330529 ], [ 1506386.23654307005927, 6893499.766372069716454 ], [ 1506410.519355959957466, 6893488.127105680294335 ], [ 1506435.30946956994012, 6893464.653222249820828 ], [ 1506454.701876580016688, 6893430.652009549550712 ] ], [ [ 1505547.127918960060924, 6893548.10447505954653 ], [ 1505607.462909189984202, 6893552.95648134034127 ], [ 1506100.739645659923553, 6893516.976967089809477 ] ], [ [ 1506100.739645659923553, 6893516.976967089809477 ], [ 1506091.224727449938655, 6893397.953928809612989 ] ], [ [ 1506206.948543119942769, 6892932.11155282985419 ], [ 1506208.77702259994112, 6892789.608153440058231 ], [ 1506211.252129370113835, 6892777.612658309750259 ], [ 1506216.674240990076214, 6892768.908506260253489 ], [ 1506229.310229809954762, 6892760.378351580351591 ], [ 1506291.452627579914406, 6892757.995138020254672 ], [ 1506352.605371230049059, 6892760.212185169570148 ], [ 1506374.405060559976846, 6892765.171613910235465 ], [ 1506399.797701529925689, 6892780.983805820345879 ], [ 1506416.003864249913022, 6892800.72877328004688 ], [ 1506422.859739240026101, 6892824.077658230438828 ], [ 1506431.095222040079534, 6892921.393680229783058 ] ], [ [ 1506447.012068470008671, 6893164.682420670054853 ], [ 1506461.953173609916121, 6893402.388504570350051 ], [ 1506454.701876580016688, 6893430.652009549550712 ] ], [ [ 1506447.012068470008671, 6893164.682420670054853 ], [ 1506178.578581539914012, 6893182.574679819867015 ] ], [ [ 1506091.224727449938655, 6893397.953928809612989 ], [ 1506071.719746760092676, 6893148.241954400204122 ] ], [ [ 1506091.224727449938655, 6893397.953928809612989 ], [ 1506007.5971241700463, 6893400.471163780428469 ] ] ] } },
{ "type": "Feature", "properties": { "gisid": "4484010,4484020,4484030,4484040,4484050,4484060,4484070,4484080", "strnr": "44840", "strname": "Rheinsteinstraße", "strabnr": "10,20,30,40,50,60,70,80", "strabtypname": "Strasse", "bez": "11", "bezname": "Lichtenberg", "ort": "1102", "ortname": "Karlshorst" }, "geometry": { "type": "MultiLineString", "coordinates": [ [ [ 1505669.991140849888325, 6887866.620459419675171 ], [ 1505735.022112279897556, 6887881.166340390220284 ], [ 1505884.706132899969816, 6887940.508912979625165 ] ], [ [ 1505884.706132899969816, 6887940.508912979625165 ], [ 1505940.387807630002499, 6887962.596874319948256 ] ], [ [ 1505940.387807630002499, 6887962.596874319948256 ], [ 1506089.911343619925901, 6888021.771681380458176 ] ], [ [ 1506089.911343619925901, 6888021.771681380458176 ], [ 1506229.776122689945623, 6888075.674772039987147 ] ], [ [ 1506372.098715550033376, 6888131.221705250442028 ], [ 1506229.776122689945623, 6888075.674772039987147 ] ], [ [ 1506372.098715550033376, 6888131.221705250442028 ], [ 1506452.018446879927069, 6888165.82302334997803 ], [ 1506538.142162430100143, 6888218.665971630252898 ], [ 1506597.405942430021241, 6888261.617572059854865 ] ], [ [ 1506597.405942430021241, 6888261.617572059854865 ], [ 1506660.278827219968662, 6888301.780955879949033 ], [ 1506938.54440509993583, 6888416.466646010056138 ] ], [ [ 1506938.54440509993583, 6888416.466646010056138 ], [ 1507124.109716299921274, 6888496.20482319034636 ] ] ] } },
{ "type": "Feature", "properties": { "gisid": "4484110,44841100,44841110,44841120,44841130,44841140,44841150,4484120,4484130,4484140,4484150,4484160,4484170,4484180,4484190", "strnr": "44841", "strname": "Sewanstraße", "strabnr": "10,100,110,120,130,140,150,20,30,40,50,60,70,80,90", "strabtypname": "Strasse", "bez": "11", "bezname": "Lichtenberg", "ort": "1101", "ortname": "Friedrichsfelde" }, "geometry": { "type": "MultiLineString", "coordinates": [ [ [ 1502405.443934400100261, 6891071.806696400046349 ], [ 1502580.516920340014622, 6890976.810501899570227 ] ], [ [ 1504996.558485310059041, 6890071.727692279964685 ], [ 1504620.660574849927798, 6889903.895440179854631 ], [ 1504590.681783569976687, 6889894.319860929623246 ], [ 1504538.579889100044966, 6889882.90264206007123 ] ], [ [ 1505156.264128250069916, 6890139.166017799638212 ], [ 1504996.558485310059041, 6890071.727692279964685 ] ], [ [ 1505406.740679180016741, 6890230.886034710332751 ], [ 1505385.607598019996658, 6890223.461712160147727 ], [ 1505287.968258519889787, 6890190.294287679716945 ], [ 1505156.264128250069916, 6890139.166017799638212 ] ], [ [ 1505543.359938590088859, 6890285.632613729685545 ], [ 1505406.740679180016741, 6890230.886034710332751 ] ], [ [ 1504440.297996140085161, 6890058.069288959726691 ], [ 1504456.515050879912451, 6890064.009600670076907 ], [ 1504524.972329699900001, 6890098.78496850002557 ], [ 1504565.608158329967409, 6889999.603463700041175 ], [ 1504574.467567489948124, 6889993.866180989891291 ], [ 1504602.486227419925854, 6889999.167036959901452 ], [ 1504647.532420909963548, 6890016.488233510404825 ], [ 1504705.682779500028118, 6890039.087180179543793 ], [ 1504785.779777029994875, 6890072.727674280293286 ], [ 1504849.176488680066541, 6890094.840568269602954 ], [ 1504868.327806290006265, 6890111.793369219638407 ] ], [ [ 1505127.62735620001331, 6890219.637850630097091 ], [ 1505308.476868770085275, 6890289.898684360086918 ] ], [ [ 1502580.516920340014622, 6890976.810501899570227 ], [ 1502799.556582059944049, 6890858.553469629958272 ] ], [ [ 1502799.556582059944049, 6890858.553469629958272 ], [ 1503019.243838190101087, 6890741.44305863045156 ] ], [ [ 1503019.243838190101087, 6890741.44305863045156 ], [ 1503234.653136519948021, 6890630.235769920051098 ] ], [ [ 1503582.904212570050731, 6890470.606517679989338 ], [ 1503234.653136519948021, 6890630.235769920051098 ] ], [ [ 1503880.074219830101356, 6890368.06525104958564 ], [ 1503822.679166950052604, 6890384.896851640194654 ], [ 1503713.963671100093052, 6890412.160609279759228 ], [ 1503687.064449819969013, 6890423.290148160420358 ], [ 1503582.904212570050731, 6890470.606517679989338 ] ], [ [ 1504440.297996140085161, 6890058.069288959726691 ], [ 1504381.899210029980168, 6890195.672760030254722 ], [ 1504365.306331919971853, 6890220.458395710214972 ], [ 1504341.345276809995994, 6890240.303053770214319 ], [ 1504308.704234570031986, 6890255.697730889543891 ], [ 1504210.322866179980338, 6890279.861888060346246 ], [ 1503880.074219830101356, 6890368.06525104958564 ] ], [ [ 1504538.579889100044966, 6889882.90264206007123 ], [ 1504492.928578200051561, 6889939.847434530034661 ], [ 1504479.609227139968425, 6889968.088060189969838 ], [ 1504440.297996140085161, 6890058.069288959726691 ] ], [ [ 1504604.658291930099949, 6889650.018981729634106 ], [ 1504533.893875420093536, 6889839.189764959737659 ], [ 1504538.579889100044966, 6889882.90264206007123 ] ] ] } },
{ "type": "Feature", "properties": { "gisid": "4484210,44842100,44842110,44842120,44842130,44842140,44842150,44842160,44842170,44842180,44842190,4484220,44842200,4484230,4484240,4484250,4484260,4484270,4484280,4484290", "strnr": "44842", "strname": "Treskowallee", "strabnr": "10,100,110,120,130,140,150,160,170,180,190,20,200,30,40,50,60,70,80,90", "strabtypname": "Strasse", "bez": "11", "bezname": "Lichtenberg", "ort": "1101", "ortname": "Friedrichsfelde" }, "geometry": { "type": "MultiLineString", "coordinates": [ [ [ 1505659.299654719885439, 6890009.092197749763727 ], [ 1505645.812804660061374, 6890042.757081449963152 ] ], [ [ 1505733.256305450107902, 6888209.211886179633439 ], [ 1505770.022406629985198, 6888402.451169189997017 ] ], [ [ 1505669.991140849888325, 6887866.620459419675171 ], [ 1505733.256305450107902, 6888209.211886179633439 ] ], [ [ 1505649.974199650110677, 6887768.197225789539516 ], [ 1505669.991140849888325, 6887866.620459419675171 ] ], [ [ 1505649.974199650110677, 6887768.197225789539516 ], [ 1505648.617542929947376, 6887683.763657880015671 ] ], [ [ 1505609.979371200082824, 6887427.791693470440805 ], [ 1505628.14247976988554, 6887562.016930149868131 ], [ 1505648.617542929947376, 6887683.763657880015671 ] ], [ [ 1505549.969053389970213, 6887108.889074999839067 ], [ 1505609.979371200082824, 6887427.791693470440805 ] ], [ [ 1505387.074831640115008, 6886790.180350819602609 ], [ 1505482.228324850089848, 6886930.089668789878488 ], [ 1505522.108076839940622, 6886998.473512349650264 ], [ 1505549.969053389970213, 6887108.889074999839067 ] ], [ [ 1504557.922376669943333, 6885496.939407589845359 ], [ 1505067.665105340071023, 6886297.654159390367568 ] ], [ [ 1504557.922376669943333, 6885496.939407589845359 ], [ 1504464.434402009937912, 6885360.659245690330863 ], [ 1504428.769776850007474, 6885331.537753660231829 ] ], [ [ 1505067.665105340071023, 6886297.654159390367568 ], [ 1505108.853551370091736, 6886362.916153069585562 ] ], [ [ 1505715.389901740010828, 6889864.907251009717584 ], [ 1505659.299654719885439, 6890009.092197749763727 ] ], [ [ 1505108.853551370091736, 6886362.916153069585562 ], [ 1505194.509183970047161, 6886493.117441980168223 ], [ 1505227.361769360024482, 6886546.214461830444634 ], [ 1505387.074831640115008, 6886790.180350819602609 ] ], [ [ 1505816.550462540006265, 6889600.68103289976716 ], [ 1505715.389901740010828, 6889864.907251009717584 ] ], [ [ 1505845.98284969991073, 6889530.893381539732218 ], [ 1505816.550462540006265, 6889600.68103289976716 ] ], [ [ 1505925.467212910065427, 6889292.276945970021188 ], [ 1505845.98284969991073, 6889530.893381539732218 ] ], [ [ 1505925.467212910065427, 6889292.276945970021188 ], [ 1505929.771389760077, 6889260.573820330202579 ], [ 1505928.341597370104864, 6889227.384245440363884 ], [ 1505911.429317400092259, 6889130.921088529750705 ] ], [ [ 1505845.197851580101997, 6888789.602189109660685 ], [ 1505911.429317400092259, 6889130.921088529750705 ] ], [ [ 1505807.128650899976492, 6888587.973911600187421 ], [ 1505845.197851580101997, 6888789.602189109660685 ] ], [ [ 1505770.022406629985198, 6888402.451169189997017 ], [ 1505807.128650899976492, 6888587.973911600187421 ] ] ] } },
{ "type": "Feature", "properties": { "gisid": "4484310,44843100,44843110,44843120,44843130,44843140,44843150,44843160,44843170,4484320,4484330,4484340,4484350,4484360,4484370,4484380,4484390", "strnr": "44843", "strname": "Alt-Friedrichsfelde", "strabnr": "10,100,110,120,130,140,150,160,170,20,30,40,50,60,70,80,90", "strabtypname": "Strasse", "bez": "11", "bezname": "Lichtenberg", "ort": "1101", "ortname": "Friedrichsfelde" }, "geometry": { "type": "MultiLineString", "coordinates": [ [ [ 1503349.351960209896788, 6892996.182327199727297 ], [ 1503660.923960459884256, 6892968.101165889762342 ] ], [ [ 1507028.287641299888492, 6892878.590872599743307 ], [ 1507407.554174379911274, 6892852.748287149704993 ] ], [ [ 1507407.554174379911274, 6892852.748287149704993 ], [ 1507691.551819559885189, 6892833.025520140305161 ] ], [ [ 1505013.193648579996079, 6892685.696082309819758 ], [ 1505026.117878810036927, 6892704.781238020397723 ], [ 1505045.766177860088646, 6892722.725878840312362 ], [ 1505071.816698620095849, 6892735.255814810283482 ], [ 1505140.982772599905729, 6892751.136210430413485 ], [ 1505160.989256019936875, 6892748.535600979812443 ], [ 1505184.441712239990011, 6892743.803282749839127 ] ], [ [ 1505184.441712239990011, 6892743.803282749839127 ], [ 1505207.544808869948611, 6892754.027439850382507 ], [ 1505419.539912689942867, 6892754.004034689627588 ] ], [ [ 1504146.948933420004323, 6892731.37723405007273 ], [ 1504393.733862889930606, 6892710.890439740382135 ], [ 1504408.804529230110347, 6892719.460773480124772 ], [ 1504445.975474070059136, 6892749.76141382008791 ], [ 1504470.215618679998443, 6892766.235441420227289 ], [ 1504482.67420581006445, 6892767.569643319584429 ], [ 1504666.00395720009692, 6892750.099092850461602 ], [ 1504711.253667230019346, 6892751.482747940346599 ], [ 1504800.954091669991612, 6892740.441458780318499 ], [ 1504812.770686920033768, 6892732.569765499792993 ], [ 1504821.30829072999768, 6892724.693075669929385 ], [ 1504841.676738290116191, 6892699.247335599735379 ] ], [ [ 1506071.719746760092676, 6893148.241954400204122 ], [ 1506061.908919970039278, 6893006.047791480086744 ] ], [ [ 1506061.908919970039278, 6893006.047791480086744 ], [ 1505768.229370020097122, 6893024.220664019696414 ] ], [ [ 1505768.229370020097122, 6893024.220664019696414 ], [ 1505770.471835989970714, 6893062.686500520445406 ] ], [ [ 1503660.923960459884256, 6892968.101165889762342 ], [ 1503749.476178090088069, 6892959.699278510175645 ] ], [ [ 1503749.476178090088069, 6892959.699278510175645 ], [ 1504153.049117459915578, 6892917.449002729728818 ] ], [ [ 1504153.049117459915578, 6892917.449002729728818 ], [ 1504923.330559, 6892806.86356593016535 ] ], [ [ 1504923.330559, 6892806.86356593016535 ], [ 1505038.114799010101706, 6892797.171750700101256 ], [ 1505172.229732749983668, 6892798.354627800174057 ] ], [ [ 1505172.229732749983668, 6892798.354627800174057 ], [ 1505273.545409070095047, 6892805.076321600005031 ], [ 1505421.074939880054444, 6892827.477558709681034 ] ], [ [ 1505421.074939880054444, 6892827.477558709681034 ], [ 1505622.188367420108989, 6892872.140862160362303 ], [ 1505729.877834599930793, 6892894.644969570450485 ], [ 1505806.103478040080518, 6892905.763162219896913 ], [ 1505923.314240179955959, 6892920.388198680244386 ], [ 1506052.994207819923759, 6892929.275523190386593 ], [ 1506206.948543119942769, 6892932.11155282985419 ] ], [ [ 1506206.948543119942769, 6892932.11155282985419 ], [ 1506431.095222040079534, 6892921.393680229783058 ] ], [ [ 1506431.095222040079534, 6892921.393680229783058 ], [ 1507028.287641299888492, 6892878.590872599743307 ] ] ] } },
{ "type": "Feature", "properties": { "gisid": "4484410,4484420,4484430", "strnr": "44844", "strname": "Huronseestraße", "strabnr": "10,20,30", "strabtypname": "Strasse", "bez": "11", "bezname": "Lichtenberg", "ort": "1101", "ortname": "Friedrichsfelde" }, "geometry": { "type": "MultiLineString", "coordinates": [ [ [ 1502580.516920340014622, 6890976.810501899570227 ], [ 1502574.149070729967207, 6890962.666854769922793 ], [ 1502459.943895559990779, 6890570.711225730367005 ] ], [ [ 1502459.943895559990779, 6890570.711225730367005 ], [ 1502435.191255690064281, 6890480.618679880164564 ], [ 1502438.819365940056741, 6890468.301295160315931 ], [ 1502570.178330630064011, 6890430.250922620296478 ], [ 1502574.143425639951602, 6890412.67588404007256 ], [ 1502541.558410760015249, 6890302.360615679994226 ], [ 1502615.679992910008878, 6890281.953444319777191 ], [ 1502639.441900910111144, 6890284.460394499823451 ] ], [ [ 1502459.943895559990779, 6890570.711225730367005 ], [ 1502262.155517749954015, 6890631.973301130346954 ] ] ] } },
{ "type": "Feature", "properties": { "gisid": "4484510", "strnr": "44845", "strname": "Michiganseestraße", "strabnr": "10", "strabtypname": "Strasse", "bez": "11", "bezname": "Lichtenberg", "ort": "1101", "ortname": "Friedrichsfelde" }, "geometry": { "type": "MultiLineString", "coordinates": [ [ [ 1503019.243838190101087, 6890741.44305863045156 ], [ 1502920.51334288995713, 6890394.55322462040931 ] ] ] } },
{ "type": "Feature", "properties": { "gisid": "4484610,4484620,4484630,4484640,4484650", "strnr": "44846", "strname": "Erieseering", "strabnr": "10,20,30,40,50", "strabtypname": "Strasse", "bez": "11", "bezname": "Lichtenberg", "ort": "1101", "ortname": "Friedrichsfelde" }, "geometry": { "type": "MultiLineString", "coordinates": [ [ [ 1505041.420605269959196, 6890437.559703010134399 ], [ 1505127.62735620001331, 6890219.637850630097091 ] ], [ [ 1504868.327806290006265, 6890111.793369219638407 ], [ 1504846.350398499984294, 6890121.455021659843624 ], [ 1504825.52029354008846, 6890131.118202050216496 ], [ 1504815.182039899984375, 6890139.318279989995062 ], [ 1504806.641647180076689, 6890150.971757429651916 ], [ 1504754.143343219999224, 6890292.367563020437956 ], [ 1504748.353775579947978, 6890327.358125389553607 ], [ 1505041.420605269959196, 6890437.559703010134399 ] ], [ [ 1504996.558485310059041, 6890071.727692279964685 ], [ 1504983.570170379942283, 6890098.819910179823637 ], [ 1504973.07565459003672, 6890102.090615490451455 ], [ 1504913.408872, 6890106.438429839909077 ], [ 1504868.327806290006265, 6890111.793369219638407 ] ], [ [ 1504996.558485310059041, 6890071.727692279964685 ], [ 1504984.209511819994077, 6890109.829713660292327 ], [ 1504958.706116369925439, 6890176.338692669756711 ], [ 1504918.231435450026765, 6890280.125444989651442 ], [ 1504910.184379070065916, 6890290.629733 ] ], [ [ 1505127.62735620001331, 6890219.637850630097091 ], [ 1505156.264128250069916, 6890139.166017799638212 ] ] ] } },
{ "type": "Feature", "properties": { "gisid": "4484710,4484720", "strnr": "44847", "strname": "Ontarioseestraße", "strabnr": "10,20", "strabtypname": "Strasse", "bez": "11", "bezname": "Lichtenberg", "ort": "1101", "ortname": "Friedrichsfelde" }, "geometry": { "type": "MultiLineString", "coordinates": [ [ [ 1505182.732377730077133, 6890084.324317020364106 ], [ 1505204.534017550060526, 6890082.384243469685316 ], [ 1505290.428379559889436, 6890075.607446639798582 ], [ 1505443.201365710003302, 6890063.831659169867635 ], [ 1505461.223837180063128, 6890068.457948739640415 ], [ 1505461.530161390081048, 6890083.575062819756567 ], [ 1505406.740679180016741, 6890230.886034710332751 ] ], [ [ 1505144.20924840006046, 6890088.540234370157123 ], [ 1505182.732377730077133, 6890084.324317020364106 ] ] ] } },
{ "type": "Feature", "properties": { "gisid": "4484910,4484920,4484930", "strnr": "44849", "strname": "Kleeblattstraße", "strabnr": "10,20,30", "strabtypname": "Strasse", "bez": "09", "bezname": "Treptow-Köpenick", "ort": "0906", "ortname": "Altglienicke" }, "geometry": { "type": "MultiLineString", "coordinates": [ [ [ 1508797.783944089896977, 6874427.091446770355105 ], [ 1508802.403703940100968, 6874387.901418070308864 ], [ 1508878.288140689954162, 6874077.542994629591703 ] ], [ [ 1508878.288140689954162, 6874077.542994629591703 ], [ 1508917.38071708008647, 6873914.743733320385218 ] ], [ [ 1508917.38071708008647, 6873914.743733320385218 ], [ 1508928.872582090087235, 6873872.611264830455184 ] ] ] } },
{ "type": "Feature", "properties": { "gisid": "4485310,4485320,4485330,4485340,4485350,4485360", "strnr": "44853", "strname": "Havemannstraße", "strabnr": "10,20,30,40,50,60", "strabtypname": "Strasse", "bez": "10", "bezname": "Marzahn-Hellersdorf", "ort": "1001", "ortname": "Marzahn" }, "geometry": { "type": "MultiLineString", "coordinates": [ [ [ 1510439.103183059953153, 6903757.474463449791074 ], [ 1510113.552643340080976, 6903930.848337369970977 ] ], [ [ 1510554.408830400090665, 6903692.22515532001853 ], [ 1510439.103183059953153, 6903757.474463449791074 ] ], [ [ 1510816.378915630048141, 6903552.859277009963989 ], [ 1510554.408830400090665, 6903692.22515532001853 ] ], [ [ 1511098.377293159952387, 6903401.981068179942667 ], [ 1510816.378915630048141, 6903552.859277009963989 ] ], [ [ 1511561.183056589914486, 6903149.673764269798994 ], [ 1511098.377293159952387, 6903401.981068179942667 ] ], [ [ 1511827.430380590027198, 6902940.179128379561007 ], [ 1511640.840935369953513, 6903093.441573799587786 ], [ 1511561.183056589914486, 6903149.673764269798994 ] ] ] } },
{ "type": "Feature", "properties": { "gisid": "4485410,44854100,44854110,44854120,44854130,44854140,44854150,44854160,44854170,44854180,44854190,4485420,44854200,44854210,44854220,44854230,44854240,44854250,44854260,44854270,44854280,44854290,4485430,44854300,44854310,44854320,44854330,44854340,44854350,44854360,44854370,44854380,44854390,4485440,44854400,44854410,44854420,44854430,44854440,44854450,44854460,44854470,44854480,44854490,4485450,4485460,4485470,4485480,4485490", "strnr": "44854", "strname": "Märkische Allee", "strabnr": "10,100,110,120,130,140,150,160,170,180,190,20,200,210,220,230,240,250,260,270,280,290,30,300,310,320,330,340,350,360,370,380,390,40,400,410,420,430,440,450,460,470,480,490,50,60,70,80,90", "strabtypname": "Strasse", "bez": "10", "bezname": "Marzahn-Hellersdorf", "ort": "1001", "ortname": "Marzahn" }, "geometry": { "type": "MultiLineString", "coordinates": [ [ [ 1507407.554174379911274, 6892852.748287149704993 ], [ 1507483.938046569935977, 6892870.260857160203159 ], [ 1507528.519156790105626, 6892883.626669759862125 ], [ 1507574.566218229942024, 6892905.540992960333824 ], [ 1507606.349398140097037, 6892927.109974919818342 ], [ 1507648.110357949975878, 6892969.729428879916668 ], [ 1507674.137158500030637, 6893007.235502369701862 ], [ 1507687.390230010030791, 6893031.577425980009139 ], [ 1507700.95909326011315, 6893066.603944649919868 ], [ 1507724.194736700039357, 6893107.887575379572809 ] ], [ [ 1507522.482711819931865, 6894833.248945839703083 ], [ 1507400.953319820109755, 6894978.114357279613614 ], [ 1507360.056468, 6895029.362035930156708 ], [ 1507296.152770600048825, 6895119.054736180230975 ], [ 1507235.845153209986165, 6895217.630571070127189 ], [ 1507183.732003540033475, 6895319.998771970160306 ], [ 1507128.799893439980224, 6895446.698310310021043 ], [ 1507094.557306780014187, 6895552.214557009749115 ] ], [ [ 1507094.557306780014187, 6895552.214557009749115 ], [ 1507041.168467780109495, 6895755.705432269722223 ] ], [ [ 1507041.168467780109495, 6895755.705432269722223 ], [ 1507028.148136080009863, 6895807.154731949791312 ], [ 1506974.899909229949117, 6896026.930418630130589 ], [ 1506951.81640553008765, 6896124.574581329710782 ], [ 1506933.461795389885083, 6896244.259920810349286 ], [ 1506923.667526140110567, 6896338.634258160367608 ], [ 1506911.158718490041792, 6896505.524152950383723 ], [ 1506905.932345479959622, 6896752.018097500316799 ], [ 1506907.546308859949932, 6896905.778242669999599 ], [ 1506910.083745130104944, 6896976.16573666036129 ], [ 1506915.387617960106581, 6897064.64713086001575 ] ], [ [ 1506915.387617960106581, 6897064.64713086001575 ], [ 1507189.187014759983867, 6897055.937598779797554 ] ], [ [ 1506915.387617960106581, 6897064.64713086001575 ], [ 1506923.923031110083684, 6897193.0957504902035 ], [ 1506945.38393928995356, 6897349.684662169776857 ] ], [ [ 1506945.38393928995356, 6897349.684662169776857 ], [ 1506975.151756470091641, 6897555.460843769833446 ], [ 1506984.925582450116053, 6897611.883580589666963 ], [ 1507011.856331930030137, 6897724.73931629024446 ], [ 1507053.186516569927335, 6897869.19192435964942 ] ], [ [ 1507053.186516569927335, 6897869.19192435964942 ], [ 1507097.630830360110849, 6898017.269209769554436 ], [ 1507165.002194880042225, 6898201.725563310086727 ] ], [ [ 1507165.002194880042225, 6898201.725563310086727 ], [ 1507213.743036240106449, 6898327.608928239904344 ] ], [ [ 1507213.743036240106449, 6898327.608928239904344 ], [ 1507269.040726329898462, 6898459.75205843988806 ] ], [ [ 1507269.040726329898462, 6898459.75205843988806 ], [ 1507286.699828519951552, 6898510.597732930444181 ], [ 1507393.878688179887831, 6898755.970739950425923 ] ], [ [ 1507866.036016080062836, 6892656.695818830281496 ], [ 1507848.515134890098125, 6892636.952599219977856 ], [ 1507817.548867939971387, 6892618.344876919873059 ], [ 1507787.882058700080961, 6892610.586259810253978 ], [ 1507762.796135159907863, 6892611.544132330454886 ], [ 1507741.312452710000798, 6892616.779204470105469 ], [ 1507721.460437780013308, 6892628.754985639825463 ], [ 1507707.344278810080141, 6892643.03840169031173 ], [ 1507690.753925980068743, 6892670.139316760003567 ], [ 1507679.891598670044914, 6892706.286752910353243 ], [ 1507677.882751479977742, 6892742.608937039971352 ], [ 1507679.484439159976318, 6892775.648125249892473 ], [ 1507724.194736700039357, 6893107.887575379572809 ] ], [ [ 1507393.878688179887831, 6898755.970739950425923 ], [ 1507448.705914040096104, 6898874.466550289653242 ] ], [ [ 1507448.705914040096104, 6898874.466550289653242 ], [ 1507524.982217600103468, 6899033.947090639732778 ], [ 1507595.20859216991812, 6899177.467130980454385 ], [ 1507670.03563958988525, 6899317.704353949986398 ] ], [ [ 1507670.03563958988525, 6899317.704353949986398 ], [ 1507786.607323680073023, 6899547.973101519979537 ] ], [ [ 1507786.607323680073023, 6899547.973101519979537 ], [ 1507973.442122469889, 6899906.477189820259809 ] ], [ [ 1507973.442122469889, 6899906.477189820259809 ], [ 1508189.105652200058103, 6900330.831208249554038 ] ], [ [ 1508189.105652200058103, 6900330.831208249554038 ], [ 1508379.746035730000585, 6900694.300594329833984 ] ], [ [ 1508379.746035730000585, 6900694.300594329833984 ], [ 1508541.579103480093181, 6900998.355458240024745 ] ], [ [ 1508541.579103480093181, 6900998.355458240024745 ], [ 1508863.9569189499598, 6901618.664831429719925 ] ], [ [ 1508749.535624810028821, 6900986.887291479855776 ], [ 1508731.141939769964665, 6900998.550395269878209 ], [ 1508717.830618489999324, 6901015.648288490250707 ], [ 1508712.065087389899418, 6901036.538003570400178 ], [ 1508713.192012649960816, 6901058.09294394031167 ], [ 1508776.262155170086771, 6901175.305501880124211 ], [ 1508791.504773470107466, 6901196.381476139649749 ], [ 1508808.238753149984404, 6901203.473439539782703 ], [ 1508827.930523090064526, 6901207.113027200102806 ], [ 1508844.822512449929491, 6901220.29283760022372 ], [ 1508980.305686770007014, 6901475.792220500297844 ], [ 1509099.690640429966152, 6901413.877049050293863 ] ], [ [ 1508863.9569189499598, 6901618.664831429719925 ], [ 1508974.71111628995277, 6901824.293723150156438 ] ], [ [ 1508032.289201499894261, 6892802.507102949544787 ], [ 1507990.332720259902999, 6892787.503575869835913 ], [ 1507958.045993669889867, 6892775.962270219810307 ], [ 1507935.272114289924502, 6892761.63711746968329 ], [ 1507904.491205459926277, 6892723.141631090082228 ], [ 1507888.785942649934441, 6892692.223704770207405 ], [ 1507866.036016080062836, 6892656.695818830281496 ] ], [ [ 1509141.82604529010132, 6902145.004294940270483 ], [ 1509178.320933520095423, 6902259.89981868956238 ], [ 1509256.276667169993743, 6902449.217959449626505 ], [ 1509294.447222840040922, 6902531.041734959930182 ] ], [ [ 1509294.447222840040922, 6902531.041734959930182 ], [ 1509538.00036572990939, 6902948.940722799859941 ], [ 1509584.911936389980838, 6902992.101566590368748 ] ], [ [ 1509584.911936389980838, 6902992.101566590368748 ], [ 1509711.943798159947619, 6903211.594481470063329 ] ], [ [ 1509711.943798159947619, 6903211.594481470063329 ], [ 1509852.262596369953826, 6903451.675724850036204 ] ], [ [ 1509974.213475700002164, 6903678.085083710029721 ], [ 1510113.552643340080976, 6903930.848337369970977 ] ], [ [ 1509399.597639939980581, 6901903.356247619725764 ], [ 1509219.607212950009853, 6901998.46153287962079 ], [ 1509204.994585650041699, 6902002.396739820018411 ] ], [ [ 1509204.994585650041699, 6902002.396739820018411 ], [ 1509194.494563529966399, 6901996.95653172954917 ], [ 1509076.856998119968921, 6901772.231962099671364 ] ], [ [ 1509852.262596369953826, 6903451.675724850036204 ], [ 1509974.213475700002164, 6903678.085083710029721 ] ], [ [ 1510113.552643340080976, 6903930.848337369970977 ], [ 1510261.907441139919683, 6904211.935324460268021 ] ], [ [ 1507269.040726329898462, 6898459.75205843988806 ], [ 1507336.209275630069897, 6898544.869081470184028 ], [ 1507351.286202139919624, 6898560.019303689710796 ], [ 1507372.272781670093536, 6898572.709446599707007 ], [ 1507390.312798629980534, 6898579.639022280462086 ], [ 1507411.313027689931914, 6898580.650772069580853 ], [ 1507432.156767070060596, 6898575.411967960186303 ], [ 1507450.711494559887797, 6898563.097581099718809 ], [ 1507464.349859569920227, 6898545.84295982029289 ], [ 1507472.577622249955311, 6898525.292331639677286 ], [ 1507473.422706040088087, 6898504.075153050012887 ], [ 1507466.721738049993291, 6898481.862454250454903 ], [ 1507451.16268695006147, 6898458.158973780460656 ], [ 1507432.480684740003198, 6898439.221786280162632 ], [ 1507418.715758370002732, 6898424.566866369917989 ] ], [ [ 1507760.748443610034883, 6892827.187110560014844 ], [ 1507801.110971570014954, 6892801.591732970438898 ], [ 1507820.959358910098672, 6892793.067142629995942 ], [ 1507841.306050670100376, 6892778.625955720432103 ], [ 1507856.409445920027792, 6892761.384559459984303 ], [ 1507868.575353079941124, 6892731.812639160081744 ], [ 1507871.896767910104245, 6892694.012805170379579 ], [ 1507866.036016080062836, 6892656.695818830281496 ] ], [ [ 1507270.728586019948125, 6898282.775152419693768 ], [ 1507306.170559769961983, 6898280.185936460271478 ], [ 1507326.360397659940645, 6898272.150531210005283 ], [ 1507342.946396399987862, 6898259.505679479800165 ], [ 1507355.273997910087928, 6898240.441032799892128 ], [ 1507357.92347494000569, 6898219.884690370410681 ], [ 1507357.628487480105832, 6898191.759045620448887 ], [ 1507352.086759299971163, 6898160.995793329551816 ], [ 1507343.249175709905103, 6898142.399655659683049 ], [ 1507326.203929580049589, 6898127.576751129701734 ], [ 1507306.526617560070008, 6898118.67181225027889 ], [ 1507280.772454839898273, 6898115.3514912603423 ], [ 1507254.193121949909255, 6898115.977475060150027 ], [ 1507226.296282140072435, 6898120.713702909648418 ], [ 1507201.670795720070601, 6898133.842011589556932 ], [ 1507187.045397110050544, 6898153.396655050106347 ], [ 1507165.002194880042225, 6898201.725563310086727 ] ], [ [ 1507026.507008279906586, 6898220.306857200339437 ], [ 1507057.530997470021248, 6898207.84484164044261 ], [ 1507071.48867580993101, 6898197.993269230239093 ], [ 1507078.065190650057048, 6898186.65265981014818 ], [ 1507083.828492820030078, 6898169.389820449985564 ], [ 1507084.666918209986761, 6898154.588154880329967 ], [ 1507082.224844820098951, 6898138.960159409791231 ], [ 1507047.978537190007046, 6897969.182909400202334 ], [ 1507053.186516569927335, 6897869.19192435964942 ] ], [ [ 1507144.968822709983215, 6898351.703977780416608 ], [ 1507164.465075419982895, 6898374.919101369567215 ], [ 1507300.35484666004777, 6898617.527807099744678 ], [ 1507393.878688179887831, 6898755.970739950425923 ] ], [ [ 1509141.82604529010132, 6902145.004294940270483 ], [ 1509235.712189629906788, 6902324.13259846996516 ] ], [ [ 1509235.712189629906788, 6902324.13259846996516 ], [ 1509432.511261200066656, 6902698.04006258957088 ] ], [ [ 1509432.511261200066656, 6902698.04006258957088 ], [ 1509584.911936389980838, 6902992.101566590368748 ] ], [ [ 1508974.71111628995277, 6901824.293723150156438 ], [ 1509141.82604529010132, 6902145.004294940270483 ] ], [ [ 1508974.71111628995277, 6901824.293723150156438 ], [ 1509076.856998119968921, 6901772.231962099671364 ] ], [ [ 1510261.907441139919683, 6904211.935324460268021 ], [ 1510322.720464769983664, 6904335.928136750124395 ], [ 1510397.295374040026218, 6904500.261193149723113 ], [ 1510414.676191830076277, 6904529.903984989970922 ] ], [ [ 1509235.712189629906788, 6902324.13259846996516 ], [ 1509278.083336730021983, 6902302.780226740054786 ], [ 1509302.06048130011186, 6902290.790190570056438 ], [ 1509334.074992079986259, 6902285.225422560237348 ], [ 1509364.606220399960876, 6902286.076924430206418 ], [ 1509389.389148209942505, 6902290.049521709792316 ], [ 1509416.629792110063136, 6902298.961021009832621 ], [ 1509440.583825950045139, 6902311.818909839726985 ], [ 1509463.879790960112587, 6902326.321661240421236 ], [ 1509483.722154849907383, 6902348.061815359629691 ], [ 1509504.544359900057316, 6902375.23347876034677 ], [ 1509514.211693630088121, 6902394.495912469923496 ], [ 1509526.012913210084662, 6902413.924879860132933 ] ], [ [ 1507827.259719850029796, 6892876.57224799040705 ], [ 1507853.514454930089414, 6892857.535208060406148 ], [ 1507885.341721179895103, 6892840.148088280111551 ], [ 1507948.333748820004985, 6892810.961248720064759 ] ], [ [ 1507724.194736700039357, 6893107.887575379572809 ], [ 1507737.726296310080215, 6893031.634900139644742 ], [ 1507750.245065459981561, 6892980.69458238966763 ], [ 1507769.470295570092276, 6892943.733419669792056 ], [ 1507782.612770870095119, 6892921.065496190451086 ], [ 1507802.640979290008545, 6892898.73409400973469 ], [ 1507827.259719850029796, 6892876.57224799040705 ] ], [ [ 1507724.194736700039357, 6893107.887575379572809 ], [ 1507767.128921689931303, 6893418.933691509999335 ] ], [ [ 1507767.128921689931303, 6893418.933691509999335 ], [ 1507827.772186, 6893879.109442800283432 ], [ 1507848.229573129909113, 6894060.946991319768131 ] ], [ [ 1507848.229573129909113, 6894060.946991319768131 ], [ 1507843.860359630081803, 6894155.138723620213568 ], [ 1507838.052384729962796, 6894216.122242989949882 ], [ 1507823.695667080115527, 6894296.166356439702213 ], [ 1507801.790208389982581, 6894380.477230410091579 ], [ 1507761.493979139951989, 6894485.482163850218058 ], [ 1507737.823149770032614, 6894534.939697659574449 ], [ 1507700.68759913998656, 6894599.178305380046368 ], [ 1507646.969338499940932, 6894679.838483040221035 ], [ 1507522.482711819931865, 6894833.248945839703083 ] ] ] } },
{ "type": "Feature", "properties": { "gisid": "4485510,44855100,44855110,44855120,44855130,44855140,44855150,44855160,4485520,4485530,4485540,4485550,4485560,4485570,4485580,4485590", "strnr": "44855", "strname": "Wuhletalstraße", "strabnr": "10,100,110,120,130,140,150,160,20,30,40,50,60,70,80,90", "strabtypname": "Strasse", "bez": "10", "bezname": "Marzahn-Hellersdorf", "ort": "1001", "ortname": "Marzahn" }, "geometry": { "type": "MultiLineString", "coordinates": [ [ [ 1508841.304363809991628, 6902770.371947850100696 ], [ 1509294.447222840040922, 6902531.041734959930182 ] ], [ [ 1510459.290893970057368, 6901708.956139580346644 ], [ 1510460.926807360025123, 6901715.703968079760671 ], [ 1510465.79139559995383, 6901790.576909029856324 ], [ 1510484.611659229965881, 6901860.689725330099463 ], [ 1510500.166831810027361, 6901908.915347419679165 ], [ 1510509.98302603000775, 6901949.731798890046775 ], [ 1510519.804147409973666, 6901984.459939920343459 ] ], [ [ 1510563.978339779889211, 6902168.795415819622576 ], [ 1510845.837238640058786, 6902145.481154680252075 ] ], [ [ 1510845.837238640058786, 6902145.481154680252075 ], [ 1510924.964189209975302, 6902134.6796213099733 ], [ 1510993.092197699937969, 6902125.185807949863374 ], [ 1511057.939499659929425, 6902112.233299500308931 ], [ 1511106.543630739906803, 6902088.901867560110986 ], [ 1511137.41770530003123, 6902068.190093159675598 ], [ 1511161.231969960033894, 6902049.777185039594769 ] ], [ [ 1509526.012913210084662, 6902413.924879860132933 ], [ 1509542.065472859889269, 6902451.6241065999493 ], [ 1509554.188645740039647, 6902478.129687529988587 ], [ 1509558.111702610040084, 6902496.564178589731455 ], [ 1509559.568278969964013, 6902519.439695860259235 ], [ 1509559.708723010029644, 6902545.440896349959075 ], [ 1509554.104135110042989, 6902571.107633680105209 ], [ 1509547.682999910088256, 6902592.001522740349174 ], [ 1509537.156420239945874, 6902614.537172039970756 ], [ 1509525.97767014009878, 6902632.135433100163937 ], [ 1509509.874147980008274, 6902649.729197819717228 ], [ 1509486.709420809987932, 6902669.784733089618385 ], [ 1509461.906808069907129, 6902685.889370219781995 ], [ 1509432.511261200066656, 6902698.04006258957088 ] ], [ [ 1510519.804147409973666, 6901984.459939920343459 ], [ 1510554.980259780073538, 6902130.61139861959964 ], [ 1510563.978339779889211, 6902168.795415819622576 ] ], [ [ 1510519.804147409973666, 6901984.459939920343459 ], [ 1510539.010017280001193, 6901983.158871400170028 ], [ 1510554.934156049974263, 6901980.374057070352137 ], [ 1510564.452407950069755, 6901983.17891757003963 ], [ 1510568.717364829964936, 6901986.63782368041575 ], [ 1510572.159435069886968, 6901992.893615160137415 ], [ 1510592.593365509994328, 6902100.52755989972502 ], [ 1510599.483085870044306, 6902106.127708760090172 ], [ 1510611.301208189921454, 6902106.795197689905763 ], [ 1510812.90095078991726, 6902069.596586730331182 ], [ 1510830.958821440115571, 6902067.14197400957346 ] ], [ [ 1509602.292611879995093, 6902289.258396330289543 ], [ 1509617.554187990026549, 6902294.044357390142977 ], [ 1509882.613341690041125, 6902155.229583069682121 ] ], [ [ 1509294.447222840040922, 6902531.041734959930182 ], [ 1509526.012913210084662, 6902413.924879860132933 ] ], [ [ 1509526.012913210084662, 6902413.924879860132933 ], [ 1509659.1961964298971, 6902352.171351809985936 ], [ 1509727.848135570064187, 6902310.928504889830947 ], [ 1509860.032063690014184, 6902261.842451199889183 ], [ 1509906.334398610051721, 6902247.89558313973248 ] ], [ [ 1509882.613341690041125, 6902155.229583069682121 ], [ 1509906.334398610051721, 6902247.89558313973248 ] ], [ [ 1509526.590519430115819, 6902141.252585190348327 ], [ 1509602.292611879995093, 6902289.258396330289543 ] ], [ [ 1509796.904424740001559, 6901996.030603470280766 ], [ 1509882.613341690041125, 6902155.229583069682121 ] ], [ [ 1509906.334398610051721, 6902247.89558313973248 ], [ 1510089.885789460036904, 6902209.217754109762609 ], [ 1510182.312975510023534, 6902195.308262550272048 ] ], [ [ 1510182.312975510023534, 6902195.308262550272048 ], [ 1510127.402720160083845, 6901905.318860099650919 ] ], [ [ 1510182.312975510023534, 6902195.308262550272048 ], [ 1510258.648361620027572, 6902187.472934819757938 ], [ 1510563.978339779889211, 6902168.795415819622576 ] ] ] } },
{ "type": "Feature", "properties": { "gisid": "4485610,4485620,4485630,4485640,4485650,4485660", "strnr": "44856", "strname": "Poelchaustraße", "strabnr": "10,20,30,40,50,60", "strabtypname": "Strasse", "bez": "10", "bezname": "Marzahn-Hellersdorf", "ort": "1001", "ortname": "Marzahn" }, "geometry": { "type": "MultiLineString", "coordinates": [ [ [ 1507275.782912909984589, 6897346.962259669788182 ], [ 1506945.38393928995356, 6897349.684662169776857 ] ], [ [ 1507275.782912909984589, 6897346.962259669788182 ], [ 1507420.152408849913627, 6897341.871159769594669 ] ], [ [ 1507637.712752670049667, 6897314.98925365973264 ], [ 1507420.152408849913627, 6897341.871159769594669 ] ], [ [ 1508020.649114370113239, 6897272.662400879897177 ], [ 1507637.712752670049667, 6897314.98925365973264 ] ], [ [ 1508020.649114370113239, 6897272.662400879897177 ], [ 1508249.031232950044796, 6897247.091736390255392 ] ], [ [ 1508249.031232950044796, 6897247.091736390255392 ], [ 1508310.227208350086585, 6897241.236827099695802 ], [ 1508369.30686168000102, 6897219.756119280122221 ], [ 1508403.124027580022812, 6897197.425914109684527 ], [ 1508431.36770969000645, 6897171.143003880046308 ] ] ] } },
{ "type": "Feature", "properties": { "gisid": "4485710,44857100,44857110,44857120,44857130,44857140,44857150,44857160,44857170,44857180,44857190,4485720,44857200,44857210,44857220,44857230,44857240,44857250,44857260,44857270,44857280,44857290,4485730,44857300,44857310,4485740,4485750,4485760,4485770,4485780,4485790", "strnr": "44857", "strname": "Blumberger Damm", "strabnr": "10,100,110,120,130,140,150,160,170,180,190,20,200,210,220,230,240,250,260,270,280,290,30,300,310,40,50,60,70,80,90", "strabtypname": "Strasse", "bez": "10", "bezname": "Marzahn-Hellersdorf", "ort": "1002", "ortname": "Biesdorf" }, "geometry": { "type": "MultiLineString", "coordinates": [ [ [ 1509658.413705060025677, 6892619.881068780086935 ], [ 1509704.23695440008305, 6892897.698339900001884 ] ], [ [ 1510131.556334829889238, 6896367.624130380339921 ], [ 1510108.591461559990421, 6896563.288327739574015 ] ], [ [ 1510108.591461559990421, 6896563.288327739574015 ], [ 1510107.371458850102499, 6896648.633218839764595 ], [ 1510120.343192779924721, 6896828.547523359768093 ], [ 1510168.748144740005955, 6897205.839177429676056 ], [ 1510188.195858990075067, 6897294.497016539797187 ], [ 1510196.541340080089867, 6897319.830345620401204 ] ], [ [ 1510459.944280150113627, 6898011.289072450250387 ], [ 1510249.232672540005296, 6897480.550446529872715 ], [ 1510196.541340080089867, 6897319.830345620401204 ] ], [ [ 1510576.703335019992664, 6898498.72493754979223 ], [ 1510553.3329482099507, 6898381.761279850266874 ], [ 1510527.518805080093443, 6898243.57982075959444 ], [ 1510503.65064828004688, 6898135.500817939639091 ], [ 1510489.412189529975876, 6898091.081539830192924 ], [ 1510459.944280150113627, 6898011.289072450250387 ] ], [ [ 1510576.703335019992664, 6898498.72493754979223 ], [ 1510625.902830060105771, 6898738.580792440101504 ] ], [ [ 1510674.295550750102848, 6898964.6254952698946 ], [ 1510717.925600910093635, 6899199.55530038010329 ] ], [ [ 1510730.182569500058889, 6899264.211656830273569 ], [ 1510717.925600910093635, 6899199.55530038010329 ] ], [ [ 1510730.182569500058889, 6899264.211656830273569 ], [ 1510755.516880769981071, 6899394.842649409547448 ] ], [ [ 1510769.732635380001739, 6899474.142660150304437 ], [ 1510755.516880769981071, 6899394.842649409547448 ] ], [ [ 1510769.732635380001739, 6899474.142660150304437 ], [ 1510910.968479489907622, 6900202.199242049828172 ] ], [ [ 1509704.23695440008305, 6892897.698339900001884 ], [ 1509739.271905570058152, 6893141.490196799859405 ] ], [ [ 1510910.968479489907622, 6900202.199242049828172 ], [ 1511002.725043090060353, 6900623.603210310451686 ] ], [ [ 1511002.725043090060353, 6900623.603210310451686 ], [ 1510742.07352469000034, 6900669.639423330314457 ], [ 1510610.103153439937159, 6900695.532429750077426 ], [ 1510593.672380560077727, 6900719.869440970011055 ] ], [ [ 1511002.725043090060353, 6900623.603210310451686 ], [ 1511110.346039920113981, 6901135.697740780189633 ] ], [ [ 1511110.346039920113981, 6901135.697740780189633 ], [ 1511209.344920939998701, 6901557.975907700136304 ], [ 1511227.995446040062234, 6901644.703921590000391 ], [ 1511234.538422679994255, 6901676.794996430166066 ] ], [ [ 1511234.538422679994255, 6901676.794996430166066 ], [ 1511254.172966459998861, 6901765.335008380003273 ], [ 1511259.38467657007277, 6901823.588672799989581 ], [ 1511254.912861570017412, 6901880.848726060241461 ], [ 1511240.102523470064625, 6901934.481898410245776 ], [ 1511207.889629459939897, 6901992.381304389797151 ], [ 1511191.787127050105482, 6902015.736389569938183 ], [ 1511161.231969960033894, 6902049.777185039594769 ] ], [ [ 1510016.323723, 6895119.702880850061774 ], [ 1509929.453865119954571, 6894489.459025610238314 ] ], [ [ 1510007.92893259995617, 6897460.612275290302932 ], [ 1510008.384635329945013, 6897503.372535490430892 ], [ 1510006.855648580007255, 6897564.879746159538627 ], [ 1510011.114455980015919, 6897572.613258790224791 ], [ 1510021.446905439952388, 6897576.075724789872766 ], [ 1510210.435246200067922, 6897578.373063130304217 ] ], [ [ 1510121.775745860068128, 6897466.6295893099159 ], [ 1510146.381439680000767, 6897469.281527060084045 ], [ 1510166.550476009957492, 6897480.481763269752264 ], [ 1510178.348703870084137, 6897496.608781740069389 ], [ 1510210.435246200067922, 6897578.373063130304217 ] ], [ [ 1510210.435246200067922, 6897578.373063130304217 ], [ 1510290.335756300017238, 6897771.191394000314176 ], [ 1510298.019066059961915, 6897804.749009840190411 ], [ 1510303.561522850068286, 6897848.172912170179188 ], [ 1510314.025437700096518, 6897892.094674189575016 ], [ 1510341.037388350116089, 6897963.49657722003758 ], [ 1510350.855699769919738, 6897994.918429230339825 ], [ 1510352.968008910072967, 6898020.084178949706256 ], [ 1510362.294585909927264, 6898051.012503650039434 ] ], [ [ 1510781.716074150055647, 6899251.420370399951935 ], [ 1510811.149470939999446, 6899387.317885180003941 ] ], [ [ 1509773.173629130003974, 6893371.151874920353293 ], [ 1509739.271905570058152, 6893141.490196799859405 ] ], [ [ 1510478.410781899932772, 6898514.930937870405614 ], [ 1510559.24328112998046, 6898794.618563430383801 ], [ 1510562.674746090080589, 6898812.714807909913361 ], [ 1510562.859494979958981, 6899204.205058840103447 ] ], [ [ 1510625.902830060105771, 6898738.580792440101504 ], [ 1510674.295550750102848, 6898964.6254952698946 ] ], [ [ 1509781.967762969899923, 6893439.376539070159197 ], [ 1509814.409586739959195, 6893653.757446150295436 ] ], [ [ 1509814.409586739959195, 6893653.757446150295436 ], [ 1509868.526165140094236, 6894024.496761810034513 ] ], [ [ 1509868.526165140094236, 6894024.496761810034513 ], [ 1509893.619709379971027, 6894208.309177130460739 ], [ 1509918.699009859934449, 6894410.04497255012393 ], [ 1509929.453865119954571, 6894489.459025610238314 ] ], [ [ 1510087.228860480012372, 6895637.021850650198758 ], [ 1510016.323723, 6895119.702880850061774 ] ], [ [ 1510087.228860480012372, 6895637.021850650198758 ], [ 1510099.137166650034487, 6895713.982205670326948 ] ], [ [ 1510099.137166650034487, 6895713.982205670326948 ], [ 1510130.900778119917959, 6895975.777366910129786 ], [ 1510138.713348930003121, 6896047.804544320330024 ], [ 1510145.183416580082849, 6896156.500026590190828 ], [ 1510140.853451089933515, 6896234.43832537997514 ], [ 1510131.556334829889238, 6896367.624130380339921 ] ] ] } },
{ "type": "Feature", "properties": { "gisid": "4485810,44858100,4485820,4485830,4485840,4485850,4485860,4485870,4485880,4485890", "strnr": "44858", "strname": "Mehrower Allee", "strabnr": "10,100,20,30,40,50,60,70,80,90", "strabtypname": "Strasse", "bez": "10", "bezname": "Marzahn-Hellersdorf", "ort": "1001", "ortname": "Marzahn" }, "geometry": { "type": "MultiLineString", "coordinates": [ [ [ 1509128.513938100077212, 6901480.379676439799368 ], [ 1508863.9569189499598, 6901618.664831429719925 ] ], [ [ 1511110.346039920113981, 6901135.697740780189633 ], [ 1510640.542687919922173, 6901230.11847716011107 ] ], [ [ 1509128.513938100077212, 6901480.379676439799368 ], [ 1509099.690640429966152, 6901413.877049050293863 ] ], [ [ 1509099.690640429966152, 6901413.877049050293863 ], [ 1509280.983903059968725, 6901317.301758539862931 ] ], [ [ 1509494.678438140079379, 6901320.792294059880078 ], [ 1509464.637529490049928, 6901326.194350720383227 ], [ 1509436.072070769965649, 6901333.572123990394175 ], [ 1509384.844625300029293, 6901353.598016399890184 ], [ 1509313.252232299884781, 6901386.767773870378733 ], [ 1509271.382012180052698, 6901404.33389378990978 ], [ 1509128.513938100077212, 6901480.379676439799368 ] ], [ [ 1509494.678438140079379, 6901320.792294059880078 ], [ 1509531.446801840094849, 6901317.206119880080223 ], [ 1509569.193268209928647, 6901321.025133700110018 ], [ 1509623.839720040094107, 6901330.947140170261264 ], [ 1509694.070474959909916, 6901350.261455370113254 ], [ 1509762.172184319933876, 6901364.472584189847112 ], [ 1509829.13543473999016, 6901367.164350000210106 ], [ 1509877.064186660107225, 6901364.409141479991376 ], [ 1509929.921508179977536, 6901356.063720289617777 ] ], [ [ 1509929.921508179977536, 6901356.063720289617777 ], [ 1510294.839771599974483, 6901289.075509539805353 ] ], [ [ 1510640.542687919922173, 6901230.11847716011107 ], [ 1510294.839771599974483, 6901289.075509539805353 ] ], [ [ 1510648.047918729949743, 6901287.712516959756613 ], [ 1510421.348767349962145, 6901332.616504600271583 ], [ 1510407.225737180095166, 6901342.312962490133941 ], [ 1510397.530224279966205, 6901357.113617629744112 ], [ 1510394.067646580049768, 6901376.691117660142481 ], [ 1510411.541328789899126, 6901486.618486009538174 ], [ 1510459.290893970057368, 6901708.956139580346644 ] ], [ [ 1510625.501302399905398, 6901154.913850559853017 ], [ 1510428.518313450040296, 6901193.094490479677916 ], [ 1510400.452327860053629, 6901193.236459010280669 ], [ 1510373.710563370026648, 6901179.55831908993423 ] ] ] } },
{ "type": "Feature", "properties": { "gisid": "4485910,4485920,4485930,4485940,4485950,4485960,4485970", "strnr": "44859", "strname": "Raoul-Wallenberg-Straße", "strabnr": "10,20,30,40,50,60,70", "strabtypname": "Strasse", "bez": "10", "bezname": "Marzahn-Hellersdorf", "ort": "1001", "ortname": "Marzahn" }, "geometry": { "type": "MultiLineString", "coordinates": [ [ [ 1508189.105652200058103, 6900330.831208249554038 ], [ 1508627.514089619973674, 6900102.452596950344741 ] ], [ [ 1508627.514089619973674, 6900102.452596950344741 ], [ 1508770.195262120105326, 6900029.554347019642591 ] ], [ [ 1508770.195262120105326, 6900029.554347019642591 ], [ 1509027.635065309936181, 6899901.821030070073903 ] ], [ [ 1509027.635065309936181, 6899901.821030070073903 ], [ 1509136.981780440080911, 6899844.513571140356362 ], [ 1509210.354289659997448, 6899823.856061530299485 ], [ 1509339.86623669997789, 6899784.33244669996202 ] ], [ [ 1509339.86623669997789, 6899784.33244669996202 ], [ 1509723.132774679921567, 6899677.09652431961149 ], [ 1509764.170241310028359, 6899662.163090960122645 ] ], [ [ 1509975.273599589942023, 6899383.352074950002134 ], [ 1509956.504437119932845, 6899456.373928340151906 ], [ 1509931.347489669919014, 6899515.243580389767885 ], [ 1509894.212543620029464, 6899572.458163550123572 ], [ 1509846.094424119917676, 6899616.338675210252404 ], [ 1509764.170241310028359, 6899662.163090960122645 ] ], [ [ 1509975.273599589942023, 6899383.352074950002134 ], [ 1510003.3175773199182, 6899209.50236393045634 ] ] ] } },
{ "type": "Feature", "properties": { "gisid": "4486610,4486620,4486630,4486640", "strnr": "44866", "strname": "Neue Grottkauer Straße", "strabnr": "10,20,30,40", "strabtypname": "Strasse", "bez": "10", "bezname": "Marzahn-Hellersdorf", "ort": "1005", "ortname": "Hellersdorf" }, "geometry": { "type": "MultiLineString", "coordinates": [ [ [ 1512877.536495330045, 6896440.992271729744971 ], [ 1513019.774064800003543, 6896393.374492050148547 ] ], [ [ 1513019.774064800003543, 6896393.374492050148547 ], [ 1513086.051592299947515, 6896373.508856319822371 ], [ 1513215.812014440074563, 6896344.956865769810975 ] ], [ [ 1513215.812014440074563, 6896344.956865769810975 ], [ 1513475.820619340054691, 6896291.300232679583132 ] ], [ [ 1513475.820619340054691, 6896291.300232679583132 ], [ 1513742.551258370047435, 6896236.651345849968493 ] ] ] } },
{ "type": "Feature", "properties": { "gisid": "4487710,4487720,4487730,4487740,4487750,4487760,4487770,4487780,4487790", "strnr": "44877", "strname": "Erich-Kästner-Straße", "strabnr": "10,20,30,40,50,60,70,80,90", "strabtypname": "Strasse", "bez": "10", "bezname": "Marzahn-Hellersdorf", "ort": "1005", "ortname": "Hellersdorf" }, "geometry": { "type": "MultiLineString", "coordinates": [ [ [ 1513019.774064800003543, 6896393.374492050148547 ], [ 1512965.913768369937316, 6896176.785676320083439 ] ], [ [ 1513202.71619861992076, 6895928.441195580177009 ], [ 1513350.841129940003157, 6895895.45727012027055 ] ], [ [ 1513350.841129940003157, 6895895.45727012027055 ], [ 1513283.090874260058627, 6895551.121356939896941 ], [ 1513291.29536278010346, 6895542.739515099674463 ] ], [ [ 1513350.841129940003157, 6895895.45727012027055 ], [ 1513393.817401069914922, 6895888.241186250001192 ] ], [ [ 1513393.817401069914922, 6895888.241186250001192 ], [ 1513408.745050309924409, 6895884.136808499693871 ], [ 1513423.18363489001058, 6895872.468671820126474 ], [ 1513459.782253179932013, 6895820.032025639899075 ], [ 1513610.1990586000029, 6895790.497693760320544 ] ], [ [ 1513610.1990586000029, 6895790.497693760320544 ], [ 1513610.863914429908618, 6895769.122608619742095 ], [ 1513577.149846570100635, 6895590.215368860401213 ], [ 1513563.884210020070896, 6895542.856293779797852 ] ], [ [ 1513610.1990586000029, 6895790.497693760320544 ], [ 1513617.570855649886653, 6895812.862659580074251 ], [ 1513644.090345910051838, 6895940.469566480256617 ] ], [ [ 1512965.913768369937316, 6896176.785676320083439 ], [ 1512930.402707339962944, 6896008.882751160301268 ], [ 1512932.874257070012391, 6895986.028010860085487 ], [ 1512946.819723729975522, 6895978.306729950010777 ], [ 1513202.71619861992076, 6895928.441195580177009 ] ], [ [ 1512965.913768369937316, 6896176.785676320083439 ], [ 1513117.651763550005853, 6896145.944454080425203 ], [ 1513104.066365730017424, 6896084.769081239588559 ] ] ] } },
{ "type": "Feature", "properties": { "gisid": "4487810,4487820,4487830,4487840,4487850", "strnr": "44878", "strname": "Maxie-Wander-Straße", "strabnr": "10,20,30,40,50", "strabtypname": "Strasse", "bez": "10", "bezname": "Marzahn-Hellersdorf", "ort": "1005", "ortname": "Hellersdorf" }, "geometry": { "type": "MultiLineString", "coordinates": [ [ [ 1513475.820619340054691, 6896291.300232679583132 ], [ 1513393.817401069914922, 6895888.241186250001192 ] ], [ [ 1513475.820619340054691, 6896291.300232679583132 ], [ 1513522.967816970078275, 6896513.641263930127025 ], [ 1513525.750618659891188, 6896527.126666699536145 ] ], [ [ 1513525.750618659891188, 6896527.126666699536145 ], [ 1513530.012221219949424, 6896535.021540929563344 ], [ 1513784.692126729991287, 6896698.74447537958622 ] ], [ [ 1513784.692126729991287, 6896698.74447537958622 ], [ 1513954.429566249949858, 6896808.657887680456042 ], [ 1514009.373595939949155, 6896833.509230179712176 ] ], [ [ 1514009.373595939949155, 6896833.509230179712176 ], [ 1514194.709838849958032, 6896916.455143160186708 ] ] ] } },
{ "type": "Feature", "properties": { "gisid": "4489510,4489520,4489530,4489540", "strnr": "44895", "strname": "Schivelbeiner Straße", "strabnr": "10,20,30,40", "strabtypname": "Strasse", "bez": "03", "bezname": "Pankow", "ort": "0301", "ortname": "Prenzlauer Berg" }, "geometry": { "type": "MultiLineString", "coordinates": [ [ [ 1493227.877774389926344, 6900308.027193769812584 ], [ 1492838.627136419992894, 6900356.552658789791167 ] ], [ [ 1492838.627136419992894, 6900356.552658789791167 ], [ 1492589.414954599924386, 6900386.730328259989619 ] ], [ [ 1492589.414954599924386, 6900386.730328259989619 ], [ 1492314.090605070115998, 6900422.249530009925365 ] ], [ [ 1492314.090605070115998, 6900422.249530009925365 ], [ 1492095.245637020096183, 6900449.050118160434067 ] ] ] } },
{ "type": "Feature", "properties": { "gisid": "4489610,4489620,4489630,4489640", "strnr": "44896", "strname": "Ella-Kay-Straße", "strabnr": "10,20,30,40", "strabtypname": "Strasse", "bez": "03", "bezname": "Pankow", "ort": "0301", "ortname": "Prenzlauer Berg" }, "geometry": { "type": "MultiLineString", "coordinates": [ [ [ 1494843.763772380072623, 6897950.82777195982635 ], [ 1495012.424424210097641, 6898250.960507120005786 ] ], [ [ 1495012.424424210097641, 6898250.960507120005786 ], [ 1495024.33747074007988, 6898274.5132258804515 ], [ 1495141.234827039996162, 6898487.667260959744453 ] ], [ [ 1495141.234827039996162, 6898487.667260959744453 ], [ 1495205.581106639932841, 6898598.538321199826896 ], [ 1495221.917205889942124, 6898625.064412529580295 ], [ 1495235.508345209993422, 6898635.134612550027668 ], [ 1495253.062245290027931, 6898636.004437680356205 ], [ 1495273.585657289950177, 6898630.796440210193396 ] ], [ [ 1495141.234827039996162, 6898487.667260959744453 ], [ 1495209.109036579960957, 6898446.073156270198524 ], [ 1495075.697662899969146, 6898211.494387079961598 ], [ 1495019.200744230067357, 6898232.722132850438356 ], [ 1495012.424424210097641, 6898250.960507120005786 ] ] ] } },
{ "type": "Feature", "properties": { "gisid": "4491410,4491420", "strnr": "44914", "strname": "Am Plumpengraben", "strabnr": "10,20", "strabtypname": "Strasse", "bez": "09", "bezname": "Treptow-Köpenick", "ort": "0908", "ortname": "Bohnsdorf" }, "geometry": { "type": "MultiLineString", "coordinates": [ [ [ 1512005.121666359947994, 6873167.177600789815187 ], [ 1511959.750561750028282, 6873273.894459320232272 ] ], [ [ 1511866.907632289920002, 6873440.269840899854898 ], [ 1511959.750561750028282, 6873273.894459320232272 ] ] ] } },
{ "type": "Feature", "properties": { "gisid": "4494410,4494420,4494430,4494440,4494450,4494460", "strnr": "44944", "strname": "Rheinpfalzallee", "strabnr": "10,20,30,40,50,60", "strabtypname": "Strasse", "bez": "11", "bezname": "Lichtenberg", "ort": "1102", "ortname": "Karlshorst" }, "geometry": { "type": "MultiLineString", "coordinates": [ [ [ 1506182.35257907002233, 6889234.626805099658668 ], [ 1506112.85638689994812, 6889241.598682349547744 ], [ 1506027.43463456002064, 6889390.993371210061014 ] ], [ [ 1506182.35257907002233, 6889234.626805099658668 ], [ 1506339.862340799998492, 6889221.855624089948833 ] ], [ [ 1506339.862340799998492, 6889221.855624089948833 ], [ 1506494.421892199898139, 6889208.913464630022645 ] ], [ [ 1506494.421892199898139, 6889208.913464630022645 ], [ 1506826.156995590077713, 6889181.569598940201104 ] ], [ [ 1506826.156995590077713, 6889181.569598940201104 ], [ 1506968.913452320033684, 6889170.24624960962683 ] ], [ [ 1506968.913452320033684, 6889170.24624960962683 ], [ 1507187.553916820092127, 6889153.262144279666245 ] ] ] } },
{ "type": "Feature", "properties": { "gisid": "4489710,4489720", "strnr": "44897", "strname": "Lilli-Henoch-Straße", "strabnr": "10,20", "strabtypname": "Strasse", "bez": "03", "bezname": "Pankow", "ort": "0301", "ortname": "Prenzlauer Berg" }, "geometry": { "type": "MultiLineString", "coordinates": [ [ [ 1495810.329129009973258, 6898298.001879549585283 ], [ 1495516.370909220073372, 6898463.18226897995919 ], [ 1495506.519168310100213, 6898465.952191719785333 ], [ 1495497.661496469983831, 6898465.106215129606426 ], [ 1495413.225777110084891, 6898442.017506450414658 ] ], [ [ 1495653.158401380060241, 6898543.977489669807255 ], [ 1495754.88029270991683, 6898483.059406800195575 ] ] ] } },
{ "type": "Feature", "properties": { "gisid": "4483810,44838100,44838110,44838120,44838130,44838140,4483820,4483830,4483840,4483850,4483860,4483870,4483880,4483890", "strnr": "44838", "strname": "Möllendorffstraße", "strabnr": "10,100,110,120,130,140,20,30,40,50,60,70,80,90", "strabtypname": "Strasse", "bez": "11", "bezname": "Lichtenberg", "ort": "1103", "ortname": "Lichtenberg" }, "geometry": { "type": "MultiLineString", "coordinates": [ [ [ 1500360.545391899999231, 6893698.216735440306365 ], [ 1500282.51118013006635, 6893530.385716799646616 ], [ 1500247.795848120003939, 6893507.79355794005096 ] ], [ [ 1500551.543388759950176, 6895089.249381620436907 ], [ 1500611.181769340066239, 6894956.033822090364993 ], [ 1500619.775266869924963, 6894923.662799909710884 ], [ 1500622.95489340997301, 6894892.102891759946942 ], [ 1500622.91703315009363, 6894829.627939869649708 ] ], [ [ 1500536.59485334996134, 6894777.99317722953856 ], [ 1500538.666815700009465, 6894807.590459600090981 ], [ 1500540.752418319927529, 6894992.060539989732206 ], [ 1500544.711346900090575, 6895061.614294789731503 ], [ 1500551.543388759950176, 6895089.249381620436907 ] ], [ [ 1500551.543388759950176, 6895089.249381620436907 ], [ 1500543.31629862007685, 6895264.168769720010459 ] ], [ [ 1500558.055751259904355, 6895921.887258339673281 ], [ 1500562.414200579980388, 6895875.527332659810781 ], [ 1500543.914479369996116, 6895616.026658340357244 ], [ 1500539.138377829920501, 6895464.091810200363398 ], [ 1500539.477164069889113, 6895297.208501040004194 ], [ 1500543.31629862007685, 6895264.168769720010459 ] ], [ [ 1500319.899730740115047, 6895921.069382010027766 ], [ 1500381.429342119954526, 6895910.344139420427382 ], [ 1500490.335921189980581, 6895911.718722970224917 ], [ 1500558.055751259904355, 6895921.887258339673281 ] ], [ [ 1500400.062575730029494, 6893778.682114290073514 ], [ 1500360.545391899999231, 6893698.216735440306365 ] ], [ [ 1500400.062575730029494, 6893778.682114290073514 ], [ 1500520.092456320067868, 6894021.400217699818313 ] ], [ [ 1500520.092456320067868, 6894021.400217699818313 ], [ 1500546.537013550056145, 6894080.799403320066631 ] ], [ [ 1500590.544621879933402, 6894375.319429299794137 ], [ 1500593.80467751994729, 6894303.977877870202065 ], [ 1500588.484217900084332, 6894177.876317690126598 ], [ 1500579.546876389998943, 6894137.417449779808521 ], [ 1500546.537013550056145, 6894080.799403320066631 ] ], [ [ 1500590.544621879933402, 6894375.319429299794137 ], [ 1500597.521542639937252, 6894412.158674050122499 ], [ 1500599.442799689946696, 6894516.391788399778306 ] ], [ [ 1500590.544621879933402, 6894375.319429299794137 ], [ 1500578.664596100104973, 6894411.298426199704409 ], [ 1500563.986030070111156, 6894533.417249780148268 ] ], [ [ 1500536.59485334996134, 6894777.99317722953856 ], [ 1500537.453968869987875, 6894758.7593908701092 ], [ 1500563.986030070111156, 6894533.417249780148268 ] ], [ [ 1500622.91703315009363, 6894829.627939869649708 ], [ 1500616.565768139902502, 6894807.584699319675565 ], [ 1500603.295156480045989, 6894719.92963123973459 ], [ 1500599.442799689946696, 6894516.391788399778306 ] ] ] } },
{ "type": "Feature", "properties": { "gisid": "4481910,4481920,4481930,4481940,4481950,4481960", "strnr": "44819", "strname": "Vincent-van-Gogh-Straße", "strabnr": "10,20,30,40,50,60", "strabtypname": "Strasse", "bez": "11", "bezname": "Lichtenberg", "ort": "1109", "ortname": "Neu-Hohenschönhausen" }, "geometry": { "type": "MultiLineString", "coordinates": [ [ [ 1505245.74734562006779, 6903311.518353540450335 ], [ 1505144.430071489885449, 6903440.401442459784448 ], [ 1505110.537228100001812, 6903602.630783650092781 ] ], [ [ 1505450.678242970025167, 6903048.32674252986908 ], [ 1505245.74734562006779, 6903311.518353540450335 ] ], [ [ 1505450.678242970025167, 6903048.32674252986908 ], [ 1505557.749262329889461, 6902906.782129160128534 ] ], [ [ 1505557.749262329889461, 6902906.782129160128534 ], [ 1505674.18027842999436, 6902760.479195079766214 ] ], [ [ 1505674.18027842999436, 6902760.479195079766214 ], [ 1505802.289948289981112, 6902593.952010040171444 ] ], [ [ 1505893.378862239886075, 6902486.782140869647264 ], [ 1505802.289948289981112, 6902593.952010040171444 ] ] ] } },
{ "type": "Feature", "properties": { "gisid": "16988100,16988110,16988120,16988130,16988140,1698820,1698830,1698840,1698850,1698860,1698870,1698880,1698890", "strnr": "16988", "strname": "Torstraße", "strabnr": "100,110,120,130,140,20,30,40,50,60,70,80,90", "strabtypname": "Strasse", "bez": "01", "bezname": "Mitte", "ort": "0101", "ortname": "Mitte" }, "geometry": { "type": "MultiLineString", "coordinates": [ [ [ 1490992.757719669956714, 6896259.580268369987607 ], [ 1491206.048065470065922, 6896345.445110199972987 ] ], [ [ 1490839.235973269911483, 6896206.298745029605925 ], [ 1490992.757719669956714, 6896259.580268369987607 ] ], [ [ 1490725.360461019910872, 6896168.436476670205593 ], [ 1490839.235973269911483, 6896206.298745029605925 ] ], [ [ 1490725.360461019910872, 6896168.436476670205593 ], [ 1490470.253107269993052, 6896082.751683359965682 ] ], [ [ 1490470.253107269993052, 6896082.751683359965682 ], [ 1490270.859053219901398, 6896015.168041500262916 ], [ 1490231.973473360063508, 6896018.820575379766524 ] ], [ [ 1493007.317958419909701, 6896214.205755130387843 ], [ 1493288.049001700012013, 6896074.611323020420969 ], [ 1493363.954263800056651, 6896031.424564990215003 ] ], [ [ 1493007.317958419909701, 6896214.205755130387843 ], [ 1492900.90492624999024, 6896255.654538479633629 ], [ 1492758.730203570099548, 6896297.980970939621329 ] ], [ [ 1492589.121408009901643, 6896353.377163619734347 ], [ 1492758.730203570099548, 6896297.980970939621329 ] ], [ [ 1492479.125806719996035, 6896384.943785060197115 ], [ 1492589.121408009901643, 6896353.377163619734347 ] ], [ [ 1492287.697392889996991, 6896440.26751943025738 ], [ 1492479.125806719996035, 6896384.943785060197115 ] ], [ [ 1491823.378604470053688, 6896475.498498760163784 ], [ 1492081.186671450035647, 6896491.922687630169094 ], [ 1492287.697392889996991, 6896440.26751943025738 ] ], [ [ 1491410.011481259949505, 6896425.520226010121405 ], [ 1491763.726853319909424, 6896457.551966769620776 ], [ 1491823.378604470053688, 6896475.498498760163784 ] ], [ [ 1491206.048065470065922, 6896345.445110199972987 ], [ 1491410.011481259949505, 6896425.520226010121405 ] ] ] } }
]
}
