{
"type": "FeatureCollection",
"name": "renamedPost1990_AGG_wgs84",
"crs": { "type": "name", "properties": { "name": "urn:ogc:def:crs:OGC:1.3:CRS84" } },
"features": [
{ "type": "Feature", "properties": { "gisid": "0575010,05750100,05750110,05750120,05750130,05750140,05750150,05750160,05750170,05750180,05750190,0575020,05750200,05750210,0575030,0575040,0575050,0575060,0575070,0575080,0575090", "strnr": "05750", "strname": "Danziger Straße", "strabnr": "10,100,110,120,130,140,150,160,170,180,190,20,200,210,30,40,50,60,70,80,90", "strabtypname": "Strasse", "bez": "03", "bezname": "Pankow", "ort": "0301", "ortname": "Prenzlauer Berg" }, "geometry": { "type": "MultiLineString", "coordinates": [ [ [ 13.414247249580844, 52.540733921999028 ], [ 13.412533252314862, 52.541007619815758 ], [ 13.412157268958113, 52.541035695547222 ] ], [ [ 13.428802631699405, 52.537633628816941 ], [ 13.428410003674804, 52.537766871025681 ] ], [ [ 13.433066809109825, 52.536178573163134 ], [ 13.428802631699405, 52.537633628816941 ] ], [ [ 13.433066809109825, 52.536178573163134 ], [ 13.434351526981521, 52.535592050692394 ] ], [ [ 13.434351526981521, 52.535592050692394 ], [ 13.437359803383016, 52.534124910296612 ] ], [ [ 13.43886015987764, 52.533396696425207 ], [ 13.437359803383016, 52.534124910296612 ] ], [ [ 13.43886015987764, 52.533396696425207 ], [ 13.441528436362496, 52.532113132943309 ] ], [ [ 13.441528436362496, 52.532113132943309 ], [ 13.442395402868474, 52.531292220615335 ] ], [ [ 13.442395402868474, 52.531292220615335 ], [ 13.443436790371091, 52.530333180146194 ] ], [ [ 13.443436790371091, 52.530333180146194 ], [ 13.444331685491164, 52.52951139834817 ] ], [ [ 13.44527697104844, 52.528610605266209 ], [ 13.444331685491164, 52.52951139834817 ] ], [ [ 13.414247249580844, 52.540733921999028 ], [ 13.416343243117799, 52.540401566915158 ] ], [ [ 13.446261976438139, 52.527716155985487 ], [ 13.44527697104844, 52.528610605266209 ] ], [ [ 13.447656807358255, 52.526396358413159 ], [ 13.446261976438139, 52.527716155985487 ] ], [ [ 13.418005498018728, 52.540151088090667 ], [ 13.416343243117799, 52.540401566915158 ] ], [ [ 13.418582211533247, 52.540060440884261 ], [ 13.418005498018728, 52.540151088090667 ] ], [ [ 13.421657455043082, 52.539584127159785 ], [ 13.418582211533247, 52.540060440884261 ] ], [ [ 13.422890469934293, 52.539395740678017 ], [ 13.421657455043082, 52.539584127159785 ] ], [ [ 13.424207620888497, 52.539177831060982 ], [ 13.422890469934293, 52.539395740678017 ] ], [ [ 13.426466006455199, 52.538428601406274 ], [ 13.424487917018292, 52.539119896932867 ], [ 13.424207620888497, 52.539177831060982 ] ], [ [ 13.428410003674804, 52.537766871025681 ], [ 13.426466006455199, 52.538428601406274 ] ] ] } },
{ "type": "Feature", "properties": { "gisid": "0586310,0586320,0586330,0586340,0586350", "strnr": "05863", "strname": "Isenburger Weg", "strabnr": "10,20,30,40,50", "strabtypname": "Strasse", "bez": "05", "bezname": "Spandau", "ort": "0504", "ortname": "Staaken" }, "geometry": { "type": "MultiLineString", "coordinates": [ [ [ 13.134523379236283, 52.538430345288106 ], [ 13.135003724158803, 52.540288973886746 ] ], [ [ 13.135146399908637, 52.540843141146979 ], [ 13.135003724158803, 52.540288973886746 ] ], [ [ 13.135146399908637, 52.540843141146979 ], [ 13.135757165329727, 52.54317140845825 ] ], [ [ 13.135757165329727, 52.54317140845825 ], [ 13.136155405725495, 52.544734930842331 ], [ 13.136403285653017, 52.545242801016059 ] ], [ [ 13.136403285653017, 52.545242801016059 ], [ 13.137138885348872, 52.546697181042475 ] ] ] } },
{ "type": "Feature", "properties": { "gisid": "0588110,05881100,0588120,0588130,0588140,0588150,0588160,0588170,0588180,0588190,4062110,4062120", "strnr": "05881", "strname": "Dorotheenstraße", "strabnr": "10,100,20,30,40,50,60,70,80,90,10,20", "strabtypname": "Strasse", "bez": "01", "bezname": "Mitte", "ort": "0101", "ortname": "Mitte" }, "geometry": { "type": "MultiLineString", "coordinates": [ [ [ 13.396325667556319, 52.519698050394908 ], [ 13.395980158410202, 52.519566174203696 ], [ 13.394908988717452, 52.519316953196814 ], [ 13.394641061767667, 52.51928048224844 ] ], [ [ 13.376900876530858, 52.517752620696726 ], [ 13.37744232437562, 52.517869688508085 ], [ 13.380365381748872, 52.518068117506019 ], [ 13.380429505661846, 52.518192264902574 ] ], [ [ 13.394641061767667, 52.51928048224844 ], [ 13.393816319767899, 52.519235727371253 ] ], [ [ 13.393816319767899, 52.519235727371253 ], [ 13.392240548913936, 52.519136462073853 ] ], [ [ 13.392240548913936, 52.519136462073853 ], [ 13.392050507273707, 52.519136984400333 ], [ 13.390424754225695, 52.519019622412237 ] ], [ [ 13.390458108153869, 52.518843553304102 ], [ 13.388534784979244, 52.518727368911918 ] ], [ [ 13.38546442278953, 52.518512665777322 ], [ 13.388534784979244, 52.518727368911918 ] ], [ [ 13.383691396470656, 52.518394910633489 ], [ 13.38546442278953, 52.518512665777322 ] ], [ [ 13.382243817175318, 52.518300268559678 ], [ 13.383691396470656, 52.518394910633489 ] ], [ [ 13.380429505661846, 52.518192264902574 ], [ 13.382243817175318, 52.518300268559678 ] ], [ [ 13.584505438842298, 52.440398897378728 ], [ 13.581723275729953, 52.440299928091051 ] ], [ [ 13.584505438842298, 52.440398897378728 ], [ 13.585155216009841, 52.440613007928839 ], [ 13.585988766519447, 52.440885590737302 ], [ 13.586621173781271, 52.440810316528861 ] ] ] } },
{ "type": "Feature", "properties": { "gisid": "0608510,0608520,0608530,0608540,0608550,0608560", "strnr": "06085", "strname": "Behmstraße", "strabnr": "10,20,30,40,50,60", "strabtypname": "Strasse", "bez": "01", "bezname": "Mitte", "ort": "0106", "ortname": "Gesundbrunnen" }, "geometry": { "type": "MultiLineString", "coordinates": [ [ [ 13.387850908208003, 52.550029592474125 ], [ 13.387366235545871, 52.549966607249516 ], [ 13.386574368258822, 52.549466255362425 ] ], [ [ 13.388765988385732, 52.55010422388699 ], [ 13.387850908208003, 52.550029592474125 ] ], [ [ 13.391343352444313, 52.550297190017005 ], [ 13.388765988385732, 52.55010422388699 ] ], [ [ 13.391343352444313, 52.550297190017005 ], [ 13.391711711969116, 52.550333866665547 ], [ 13.396636171437297, 52.550789260324414 ], [ 13.396842406722119, 52.550819316404905 ] ], [ [ 13.400432177060472, 52.551104806947947 ], [ 13.399565681293982, 52.55103485110336 ] ], [ [ 13.403719645178068, 52.55141478150852 ], [ 13.403612131028616, 52.551393910016152 ], [ 13.400432177060472, 52.551104806947947 ] ] ] } },
{ "type": "Feature", "properties": { "gisid": "16244100,16244110,1624440,1624450,1624460,1624470,1624480,1624490,4190010,4190020,4190030,4190040,4190050", "strnr": "16244", "strname": "Markgrafenstraße", "strabnr": "100,110,40,50,60,70,80,90,10,20,30,40,50", "strabtypname": "Strasse", "bez": "01", "bezname": "Mitte", "ort": "0101", "ortname": "Mitte" }, "geometry": { "type": "MultiLineString", "coordinates": [ [ [ 13.393043251041867, 52.515003345037861 ], [ 13.393202628002214, 52.5141148912465 ] ], [ [ 13.392869198512503, 52.515880087016257 ], [ 13.393043251041867, 52.515003345037861 ] ], [ [ 13.394058457217664, 52.50881092223198 ], [ 13.39420009397757, 52.50792692442419 ] ], [ [ 13.394058457217664, 52.50881092223198 ], [ 13.393913930876451, 52.509683231698332 ] ], [ [ 13.39361441396165, 52.511453889820629 ], [ 13.393744931541871, 52.510726237171873 ] ], [ [ 13.39361441396165, 52.511453889820629 ], [ 13.393487364473197, 52.512360381625527 ] ], [ [ 13.393335517023308, 52.513220093914761 ], [ 13.393487364473197, 52.512360381625527 ] ], [ [ 13.393202628002214, 52.5141148912465 ], [ 13.393335517023308, 52.513220093914761 ] ], [ [ 13.610133083846245, 52.517708965977633 ], [ 13.610977289694656, 52.517398144170834 ] ], [ [ 13.610977289694656, 52.517398144170834 ], [ 13.612310603351879, 52.51693280649846 ] ], [ [ 13.612310603351879, 52.51693280649846 ], [ 13.613845717515558, 52.516405467757622 ] ], [ [ 13.613845717515558, 52.516405467757622 ], [ 13.613978290124942, 52.516418062292928 ], [ 13.616059919334067, 52.515690351347246 ] ], [ [ 13.617553701685162, 52.515151277919671 ], [ 13.616059919334067, 52.515690351347246 ] ] ] } },
{ "type": "Feature", "properties": { "gisid": "1625610,1625620,1625630,1625640", "strnr": "16256", "strname": "Strelitzer Straße", "strabnr": "10,20,30,40", "strabtypname": "Strasse", "bez": "01", "bezname": "Mitte", "ort": "0106", "ortname": "Gesundbrunnen" }, "geometry": { "type": "MultiLineString", "coordinates": [ [ [ 13.391936400131286, 52.53888911707886 ], [ 13.393254193473895, 52.537464665093928 ] ], [ [ 13.394270960129971, 52.536375703148096 ], [ 13.393254193473895, 52.537464665093928 ] ], [ [ 13.394270960129971, 52.536375703148096 ], [ 13.395982872261637, 52.534518843788149 ] ], [ [ 13.395982872261637, 52.534518843788149 ], [ 13.396839698250693, 52.533554460580454 ] ] ] } },
{ "type": "Feature", "properties": { "gisid": "1693710,16937100,16937110,16937120,16937130,16937140,16937150,16937160,16937170,1693720,1693730,1693740,1693750,1693760,1693770,1693780,1693790", "strnr": "16937", "strname": "Wilhelmstraße", "strabnr": "10,100,110,120,130,140,150,160,170,20,30,40,50,60,70,80,90", "strabtypname": "Strasse", "bez": "02", "bezname": "Friedrichshain-Kreuzberg", "ort": "0202", "ortname": "Kreuzberg" }, "geometry": { "type": "MultiLineString", "coordinates": [ [ [ 13.388961424899904, 52.498083427664959 ], [ 13.388818955740039, 52.499381703859719 ] ], [ [ 13.384173632692161, 52.510005167748325 ], [ 13.383411501054336, 52.511458525499826 ] ], [ [ 13.383411501054336, 52.511458525499826 ], [ 13.382975482846707, 52.512263721102933 ] ], [ [ 13.38407902964911, 52.5124744762022 ], [ 13.382975482846707, 52.512263721102933 ] ], [ [ 13.382975482846707, 52.512263721102933 ], [ 13.382086721942528, 52.513959446148313 ] ], [ [ 13.38149981095736, 52.515136367904553 ], [ 13.382086721942528, 52.513959446148313 ] ], [ [ 13.380776486938036, 52.516466672892953 ], [ 13.38149981095736, 52.515136367904553 ] ], [ [ 13.380429505661846, 52.518192264902574 ], [ 13.380454069294061, 52.518014382336155 ], [ 13.380689865882447, 52.516678574672838 ], [ 13.380776486938036, 52.516466672892953 ] ], [ [ 13.380292962413385, 52.518900119599913 ], [ 13.380429505661846, 52.518192264902574 ] ], [ [ 13.388818955740039, 52.499381703859719 ], [ 13.388775802740275, 52.500010675524933 ], [ 13.388693955526323, 52.50071505723642 ] ], [ [ 13.388693955526323, 52.50071505723642 ], [ 13.388574743640826, 52.501520912453067 ], [ 13.38850903821262, 52.501689727358297 ] ], [ [ 13.38850903821262, 52.501689727358297 ], [ 13.387860213137378, 52.50294024722097 ] ], [ [ 13.387172574956638, 52.504280550050602 ], [ 13.387860213137378, 52.50294024722097 ] ], [ [ 13.386601219409044, 52.505354184984732 ], [ 13.387172574956638, 52.504280550050602 ] ], [ [ 13.386053379555973, 52.506431458333424 ], [ 13.386601219409044, 52.505354184984732 ] ], [ [ 13.385535415299589, 52.507427012943374 ], [ 13.386053379555973, 52.506431458333424 ] ], [ [ 13.384173632692161, 52.510005167748325 ], [ 13.385535415299589, 52.507427012943374 ] ] ] } },
{ "type": "Feature", "properties": { "gisid": "4042910,4042920,4042930,4479210,4479220,4479230,4479240,4479250,4479260,4479270,4479280,4479290", "strnr": "40429", "strname": "Breite Straße", "strabnr": "10,20,30,10,20,30,40,50,60,70,80,90", "strabtypname": "Strasse", "bez": "01", "bezname": "Mitte", "ort": "0101", "ortname": "Mitte" }, "geometry": { "type": "MultiLineString", "coordinates": [ [ [ 13.40243811170901, 52.51648002607493 ], [ 13.403953540251916, 52.515388327136307 ] ], [ [ 13.405338796410755, 52.514390724730632 ], [ 13.403953540251916, 52.515388327136307 ] ], [ [ 13.405338796410755, 52.514390724730632 ], [ 13.405720474960821, 52.5140634285804 ] ], [ [ 13.414151879391451, 52.572087528550824 ], [ 13.4148929269808, 52.572264090617253 ] ], [ [ 13.4117669260037, 52.57147574526352 ], [ 13.414151879391451, 52.572087528550824 ] ], [ [ 13.410528072464421, 52.571158068466971 ], [ 13.4117669260037, 52.57147574526352 ] ], [ [ 13.409924531452679, 52.570919724443854 ], [ 13.410528072464421, 52.571158068466971 ] ], [ [ 13.40531903509201, 52.569618961304847 ], [ 13.406619603216228, 52.56996646309981 ], [ 13.407630353421768, 52.570170530435405 ], [ 13.409333292074013, 52.570580750920321 ], [ 13.409905907206241, 52.57080825849598 ], [ 13.409924531452679, 52.570919724443854 ] ], [ [ 13.40531903509201, 52.569618961304847 ], [ 13.404511924053594, 52.569398181974321 ], [ 13.404259944040749, 52.569354574440609 ], [ 13.404004900154115, 52.569333426825885 ], [ 13.403653915646988, 52.569327374694026 ], [ 13.403448597426456, 52.569388994962573 ] ], [ [ 13.408977313803922, 52.570985386414044 ], [ 13.409394470464891, 52.571034679084342 ], [ 13.40977788279795, 52.571047962164926 ], [ 13.409924531452679, 52.570919724443854 ] ], [ [ 13.403448597426456, 52.569388994962573 ], [ 13.403524719467436, 52.569501468506374 ], [ 13.406743089032524, 52.570342325590943 ], [ 13.408262915858124, 52.570797154050922 ], [ 13.408977313803922, 52.570985386414044 ] ], [ [ 13.401507101086866, 52.569214579388891 ], [ 13.401781572355846, 52.569185445483072 ], [ 13.403140591931498, 52.569341684914441 ], [ 13.403448597426456, 52.569388994962573 ] ] ] } },
{ "type": "Feature", "properties": { "gisid": "4143310,4143320,4479910,4479920,4479930,4479940,4479950,4479960", "strnr": "41433", "strname": "Jägerstraße", "strabnr": "10,20,10,20,30,40,50,60", "strabtypname": "Strasse", "bez": "09", "bezname": "Treptow-Köpenick", "ort": "0908", "ortname": "Bohnsdorf" }, "geometry": { "type": "MultiLineString", "coordinates": [ [ [ 13.578064039069353, 52.393980857654334 ], [ 13.577794985540484, 52.392849308110243 ] ], [ [ 13.577794985540484, 52.392849308110243 ], [ 13.577562619219316, 52.39176270587177 ] ], [ [ 13.386368736432384, 52.513688734353515 ], [ 13.385056784354726, 52.513600692080402 ] ], [ [ 13.389316678269715, 52.513871716697913 ], [ 13.386368736432384, 52.513688734353515 ] ], [ [ 13.389316678269715, 52.513871716697913 ], [ 13.391225056659755, 52.513988758181334 ] ], [ [ 13.396930990648976, 52.514361227287658 ], [ 13.395198239169737, 52.514173627409036 ], [ 13.393202628002214, 52.5141148912465 ] ], [ [ 13.396930990648976, 52.514361227287658 ], [ 13.3977076309359, 52.514574813936115 ] ], [ [ 13.3977076309359, 52.514574813936115 ], [ 13.398292974142697, 52.514752080539921 ] ] ] } },
{ "type": "Feature", "properties": { "gisid": "4236110,4236120,4236130,4480510,4480520,4480530,4480540", "strnr": "42361", "strname": "Rathausstraße", "strabnr": "10,20,30,10,20,30,40", "strabtypname": "Strasse", "bez": "11", "bezname": "Lichtenberg", "ort": "1103", "ortname": "Lichtenberg" }, "geometry": { "type": "MultiLineString", "coordinates": [ [ [ 13.48167328899436, 52.513008965691277 ], [ 13.481724021742055, 52.513258853171187 ], [ 13.481868049922348, 52.514254733954971 ] ], [ [ 13.481868049922348, 52.514254733954971 ], [ 13.481324420101291, 52.514729454553979 ] ], [ [ 13.481324420101291, 52.514729454553979 ], [ 13.47981166789851, 52.516045010292522 ], [ 13.479755268365103, 52.516171650220066 ], [ 13.479401331819497, 52.516291629401941 ] ], [ [ 13.408612257070457, 52.519067097537693 ], [ 13.411975114203491, 52.520658465335067 ] ], [ [ 13.407161578179821, 52.518396718380785 ], [ 13.408612257070457, 52.519067097537693 ] ], [ [ 13.405388757880218, 52.51764124591999 ], [ 13.407161578179821, 52.518396718380785 ] ], [ [ 13.404292032564102, 52.517200648601246 ], [ 13.405388757880218, 52.51764124591999 ] ] ] } },
{ "type": "Feature", "properties": { "gisid": "4466410,44664100,44664110,44664120,44664130,44664140,44664150,44664160,44664170,44664180,44664190,4466420,44664200,44664210,44664220,44664230,44664240,4466430,4466440,4466450,4466460,4466470,4466480,4466490", "strnr": "44664", "strname": "Berliner Allee", "strabnr": "10,100,110,120,130,140,150,160,170,180,190,20,200,210,220,230,240,30,40,50,60,70,80,90", "strabtypname": "Strasse", "bez": "03", "bezname": "Pankow", "ort": "0302", "ortname": "Weißensee" }, "geometry": { "type": "MultiLineString", "coordinates": [ [ [ 13.449352858434887, 52.54759443047881 ], [ 13.44802855394652, 52.547001132330934 ] ], [ [ 13.458373022999911, 52.549909018996487 ], [ 13.459084319301445, 52.550104134914335 ] ], [ [ 13.459084319301445, 52.550104134914335 ], [ 13.461995046955433, 52.550721091951132 ] ], [ [ 13.465466746360775, 52.551958806746484 ], [ 13.46412154278481, 52.551341397119288 ], [ 13.463632823348776, 52.551143922334717 ], [ 13.461995046955433, 52.550721091951132 ] ], [ [ 13.465466746360775, 52.551958806746484 ], [ 13.466541030911918, 52.552490463779712 ] ], [ [ 13.466541030911918, 52.552490463779712 ], [ 13.466967086896291, 52.552900821554793 ], [ 13.467116742097293, 52.553100521872302 ], [ 13.467506087297949, 52.553881070148684 ] ], [ [ 13.467506087297949, 52.553881070148684 ], [ 13.467644790931697, 52.554256890044428 ], [ 13.467646524171123, 52.555001868910701 ] ], [ [ 13.467646524171123, 52.555001868910701 ], [ 13.467435360014219, 52.555908318285709 ] ], [ [ 13.467435360014219, 52.555908318285709 ], [ 13.467332420922887, 52.556241577154552 ], [ 13.467033879564646, 52.556844166619761 ], [ 13.466872553148473, 52.557012894419252 ] ], [ [ 13.466872553148473, 52.557012894419252 ], [ 13.466761557046874, 52.557126872625503 ], [ 13.466464448797597, 52.557736651280372 ], [ 13.466391179756194, 52.558016928830249 ] ], [ [ 13.466391179756194, 52.558016928830249 ], [ 13.466353019580561, 52.558373639142509 ], [ 13.466418024192228, 52.558743968511521 ] ], [ [ 13.44982520490005, 52.547805420353903 ], [ 13.449352858434887, 52.54759443047881 ] ], [ [ 13.466418024192228, 52.558743968511521 ], [ 13.467106553706454, 52.559981432672728 ] ], [ [ 13.468474538734817, 52.562140911020741 ], [ 13.467697042474159, 52.561020159951276 ], [ 13.467378944077575, 52.560499418326621 ], [ 13.467106553706454, 52.559981432672728 ] ], [ [ 13.469765616929982, 52.563987542024698 ], [ 13.468474538734817, 52.562140911020741 ] ], [ [ 13.469940231334984, 52.564232204335816 ], [ 13.469765616929982, 52.563987542024698 ] ], [ [ 13.471208693723138, 52.565836155869 ], [ 13.471076163935637, 52.565780265914412 ], [ 13.470993853030018, 52.565702874384215 ], [ 13.469940231334984, 52.564232204335816 ] ], [ [ 13.44982520490005, 52.547805420353903 ], [ 13.450909664768755, 52.548300390784838 ] ], [ [ 13.450909664768755, 52.548300390784838 ], [ 13.450678829475791, 52.548517520643628 ], [ 13.450560499163855, 52.548617094067772 ] ], [ [ 13.451413383055019, 52.548410771226131 ], [ 13.450909664768755, 52.548300390784838 ] ], [ [ 13.452761141196838, 52.54868684475916 ], [ 13.451413383055019, 52.548410771226131 ] ], [ [ 13.452761141196838, 52.54868684475916 ], [ 13.454446112988331, 52.54906224393131 ] ], [ [ 13.454446112988331, 52.54906224393131 ], [ 13.455664246153635, 52.549321919151524 ] ], [ [ 13.455664246153635, 52.549321919151524 ], [ 13.458373022999911, 52.549909018996487 ] ] ] } },
{ "type": "Feature", "properties": { "gisid": "4466510", "strnr": "44665", "strname": "Petersburger Platz", "strabnr": "10", "strabtypname": "Strasse", "bez": "02", "bezname": "Friedrichshain-Kreuzberg", "ort": "0201", "ortname": "Friedrichshain" }, "geometry": { "type": "MultiLineString", "coordinates": [ [ [ 13.450746226199279, 52.52020389381066 ], [ 13.449471766184066, 52.522070288686479 ] ] ] } },
{ "type": "Feature", "properties": { "gisid": "4466610,44666100,44666110,44666120,44666130,44666140,44666150,44666160,44666170,44666180,44666190,4466620,44666200,44666210,44666220,44666230,44666240,44666250,44666260,44666270,44666280,44666290,4466630,44666300,44666310,4466640,4466650,4466660,4466670,4466680,4466690", "strnr": "44666", "strname": "Heinrich-Grüber-Straße", "strabnr": "10,100,110,120,130,140,150,160,170,180,190,20,200,210,220,230,240,250,260,270,280,290,30,300,310,40,50,60,70,80,90", "strabtypname": "Strasse", "bez": "10", "bezname": "Marzahn-Hellersdorf", "ort": "1003", "ortname": "Kaulsdorf" }, "geometry": { "type": "MultiLineString", "coordinates": [ [ [ 13.594701805391511, 52.5181956281426 ], [ 13.594921278369117, 52.518228937213067 ], [ 13.595304175728925, 52.518397085264105 ], [ 13.595776926024987, 52.518581431748046 ], [ 13.596438242309812, 52.518769418293402 ] ], [ [ 13.590911814806452, 52.514059861022339 ], [ 13.591767202807345, 52.514599304291409 ] ], [ [ 13.591767202807345, 52.514599304291409 ], [ 13.592892033363862, 52.515326635998854 ] ], [ [ 13.592892033363862, 52.515326635998854 ], [ 13.59308344221561, 52.515439021314876 ] ], [ [ 13.59308344221561, 52.515439021314876 ], [ 13.593071531161753, 52.515607964690929 ], [ 13.593895388162506, 52.517029860208815 ] ], [ [ 13.593895388162506, 52.517029860208815 ], [ 13.594448605276426, 52.517948431780297 ], [ 13.594701805391511, 52.5181956281426 ] ], [ [ 13.598103200891362, 52.520603972728864 ], [ 13.598829196830476, 52.52108222552841 ] ], [ [ 13.598829196830476, 52.52108222552841 ], [ 13.599350555967463, 52.521350143744961 ] ], [ [ 13.599350555967463, 52.521350143744961 ], [ 13.599558215478439, 52.521461622716281 ], [ 13.599933789613498, 52.521633349665073 ] ], [ [ 13.600609817947474, 52.521964201056576 ], [ 13.60206795961928, 52.522663658904108 ] ], [ [ 13.602770530262324, 52.523011578310587 ], [ 13.603583595620737, 52.523384677045854 ] ], [ [ 13.584587281586144, 52.511963047739158 ], [ 13.584619791561119, 52.511852525075078 ], [ 13.584873188752834, 52.511795100228362 ], [ 13.585424082522227, 52.51177192569142 ], [ 13.586528815634223, 52.511725571748642 ], [ 13.587194584156533, 52.511715907827515 ] ], [ [ 13.604775212104109, 52.523977109585573 ], [ 13.605591243738306, 52.524386141399759 ] ], [ [ 13.605591243738306, 52.524386141399759 ], [ 13.606239372912865, 52.524694489583275 ] ], [ [ 13.606239372912865, 52.524694489583275 ], [ 13.606944962397064, 52.525025310650989 ] ], [ [ 13.608970441836856, 52.526024922505592 ], [ 13.606944962397064, 52.525025310650989 ] ], [ [ 13.610704333135985, 52.526858212794245 ], [ 13.610526074164007, 52.526788094450239 ], [ 13.608970441836856, 52.526024922505592 ] ], [ [ 13.610704333135985, 52.526858212794245 ], [ 13.611521948575486, 52.527260912714645 ] ], [ [ 13.603583595620737, 52.523384677045854 ], [ 13.604775212104109, 52.523977109585573 ] ], [ [ 13.60206795961928, 52.522663658904108 ], [ 13.602770530262324, 52.523011578310587 ] ], [ [ 13.599933789613498, 52.521633349665073 ], [ 13.600609817947474, 52.521964201056576 ] ], [ [ 13.596163928178099, 52.519215978086372 ], [ 13.596451043375195, 52.519441612727881 ], [ 13.59679709047742, 52.519662767626421 ], [ 13.598103200891362, 52.520603972728864 ] ], [ [ 13.587083587902942, 52.512305386766407 ], [ 13.586819924525567, 52.512314285935773 ], [ 13.584909403761015, 52.512439445975396 ], [ 13.584713518920774, 52.512421405138603 ], [ 13.584623742138209, 52.512345886803097 ] ], [ [ 13.594950641028761, 52.518370033333007 ], [ 13.596163928178099, 52.519215978086372 ] ], [ [ 13.596163928178099, 52.519215978086372 ], [ 13.596438242309812, 52.518769418293402 ] ], [ [ 13.588107304579221, 52.512277862913201 ], [ 13.587528427277672, 52.512292952309231 ], [ 13.587083587902942, 52.512305386766407 ] ], [ [ 13.586435894787511, 52.511864831874675 ], [ 13.586656836872269, 52.511862209621391 ] ], [ [ 13.588373950189963, 52.512227624024668 ], [ 13.588717141667644, 52.51223042932817 ] ], [ [ 13.588107304579221, 52.512277862913201 ], [ 13.589436668859415, 52.513111334346313 ] ], [ [ 13.589436668859415, 52.513111334346313 ], [ 13.589613329236407, 52.513224618609435 ] ], [ [ 13.589613329236407, 52.513224618609435 ], [ 13.590911814806452, 52.514059861022339 ] ] ] } },
{ "type": "Feature", "properties": { "gisid": "4474410", "strnr": "44744", "strname": "Fredersdorfer Straße", "strabnr": "10", "strabtypname": "Strasse", "bez": "02", "bezname": "Friedrichshain-Kreuzberg", "ort": "0201", "ortname": "Friedrichshain" }, "geometry": { "type": "MultiLineString", "coordinates": [ [ [ 13.443596403445884, 52.514969195003516 ], [ 13.443089013533951, 52.514776097270968 ], [ 13.440704171970465, 52.513383059597913 ] ] ] } },
{ "type": "Feature", "properties": { "gisid": "4474510,4474520,4474530,4474540,4474550", "strnr": "44745", "strname": "Rüdersdorfer Straße", "strabnr": "10,20,30,40,50", "strabtypname": "Strasse", "bez": "02", "bezname": "Friedrichshain-Kreuzberg", "ort": "0201", "ortname": "Friedrichshain" }, "geometry": { "type": "MultiLineString", "coordinates": [ [ [ 13.438429471243797, 52.51451715843536 ], [ 13.436785416122847, 52.515240644042358 ], [ 13.436337024393742, 52.515376518864102 ], [ 13.436079201461519, 52.515385989349404 ] ], [ [ 13.438429471243797, 52.51451715843536 ], [ 13.439711914060616, 52.513953039721891 ] ], [ [ 13.439711914060616, 52.513953039721891 ], [ 13.440704171970465, 52.513383059597913 ] ], [ [ 13.440704171970465, 52.513383059597913 ], [ 13.442226515952749, 52.512497572551922 ], [ 13.44274914338776, 52.51220901927676 ], [ 13.443247889889962, 52.511994116944358 ] ], [ [ 13.443247889889962, 52.511994116944358 ], [ 13.444658525730288, 52.511385210069193 ], [ 13.444785325213287, 52.511353952522107 ], [ 13.446506924909658, 52.511410503409323 ] ] ] } },
{ "type": "Feature", "properties": { "gisid": "4479010", "strnr": "44790", "strname": "Schloßbrücke", "strabnr": "10", "strabtypname": "Strasse", "bez": "01", "bezname": "Mitte", "ort": "0101", "ortname": "Mitte" }, "geometry": { "type": "MultiLineString", "coordinates": [ [ [ 13.39800432041817, 52.517578686073129 ], [ 13.399220646668363, 52.517669996181901 ] ] ] } },
{ "type": "Feature", "properties": { "gisid": "4479710,4479720,4479730,4479740,4479750,4479760", "strnr": "44797", "strname": "Platz der Vereinten Nationen", "strabnr": "10,20,30,40,50,60", "strabtypname": "Strasse", "bez": "02", "bezname": "Friedrichshain-Kreuzberg", "ort": "0201", "ortname": "Friedrichshain" }, "geometry": { "type": "MultiLineString", "coordinates": [ [ [ 13.433876503468806, 52.52324472596851 ], [ 13.432800940470388, 52.523255551538483 ] ], [ [ 13.432800940470388, 52.523255551538483 ], [ 13.429783892291073, 52.523191262202431 ] ], [ [ 13.429783892291073, 52.523191262202431 ], [ 13.429901857114363, 52.523828602109063 ], [ 13.430413191170459, 52.524800892523608 ], [ 13.430453516418609, 52.525009445604077 ] ], [ [ 13.429783892291073, 52.523191262202431 ], [ 13.429644995272684, 52.521634567444856 ], [ 13.429545399506111, 52.521174292077539 ] ], [ [ 13.429783892291073, 52.523191262202431 ], [ 13.426392700693178, 52.523111886223447 ] ], [ [ 13.428673187922874, 52.521514324767054 ], [ 13.428730995374419, 52.522092253839176 ], [ 13.428712940661486, 52.522175797949963 ], [ 13.428610962046877, 52.522247520212645 ], [ 13.427056009271343, 52.522715801864649 ], [ 13.426411290443593, 52.522911518257061 ], [ 13.426392700693178, 52.523111886223447 ] ] ] } },
{ "type": "Feature", "properties": { "gisid": "4479810,4479820,4479830,4479840", "strnr": "44798", "strname": "Taubenstraße", "strabnr": "10,20,30,40", "strabtypname": "Strasse", "bez": "01", "bezname": "Mitte", "ort": "0101", "ortname": "Mitte" }, "geometry": { "type": "MultiLineString", "coordinates": [ [ [ 13.386495784163102, 52.512810108426279 ], [ 13.385640288530386, 52.512756247638812 ], [ 13.385488822274386, 52.512711006612037 ] ], [ [ 13.386495784163102, 52.512810108426279 ], [ 13.389458344473699, 52.513003001810631 ] ], [ [ 13.389458344473699, 52.513003001810631 ], [ 13.391388837264753, 52.513109301726907 ] ], [ [ 13.393335517023308, 52.513220093914761 ], [ 13.393631501221, 52.513235953896768 ], [ 13.39556206640782, 52.513332299972639 ] ] ] } },
{ "type": "Feature", "properties": { "gisid": "4480110,4480120,4480130,4480140,4480150", "strnr": "44801", "strname": "Schützenstraße", "strabnr": "10,20,30,40,50", "strabtypname": "Strasse", "bez": "01", "bezname": "Mitte", "ort": "0101", "ortname": "Mitte" }, "geometry": { "type": "MultiLineString", "coordinates": [ [ [ 13.390195044609277, 52.508571414449747 ], [ 13.389386630950012, 52.508541039377135 ] ], [ [ 13.392116445168748, 52.508689366356414 ], [ 13.390195044609277, 52.508571414449747 ] ], [ [ 13.394058457217664, 52.50881092223198 ], [ 13.392116445168748, 52.508689366356414 ] ], [ [ 13.397057666461714, 52.508991116744738 ], [ 13.394058457217664, 52.50881092223198 ] ], [ [ 13.397057666461714, 52.508991116744738 ], [ 13.399786030665823, 52.509145554905274 ] ] ] } },
{ "type": "Feature", "properties": { "gisid": "4480210,4480220,4480230,4480240", "strnr": "44802", "strname": "Engeldamm", "strabnr": "10,20,30,40", "strabtypname": "Strasse", "bez": "01", "bezname": "Mitte", "ort": "0101", "ortname": "Mitte" }, "geometry": { "type": "MultiLineString", "coordinates": [ [ [ 13.427721010848808, 52.507583614705034 ], [ 13.428008904194993, 52.507754842737896 ], [ 13.428231682048745, 52.507996055463742 ], [ 13.428811760634895, 52.508697976297995 ] ], [ [ 13.427721010848808, 52.507583614705034 ], [ 13.427655089373893, 52.50750532119131 ], [ 13.427280392432477, 52.506988863322491 ], [ 13.426981363639202, 52.506676526303856 ], [ 13.426595305371743, 52.506395495188073 ], [ 13.426110598861989, 52.506109801376653 ] ], [ [ 13.426110598861989, 52.506109801376653 ], [ 13.425544670780473, 52.505874292644222 ], [ 13.424941713307783, 52.505686346338749 ], [ 13.424113300314218, 52.5055276676133 ], [ 13.423312476848581, 52.505455300789343 ], [ 13.422257931077455, 52.505473254743002 ] ], [ [ 13.41957748313358, 52.506123714382753 ], [ 13.42159473470857, 52.505575452309579 ], [ 13.421895454218888, 52.505513966540256 ], [ 13.422257931077455, 52.505473254743002 ] ] ] } },
{ "type": "Feature", "properties": { "gisid": "4480410,4480420,4480430,4480440,4480450,4480460,4480470", "strnr": "44804", "strname": "Luisenstraße", "strabnr": "10,20,30,40,50,60,70", "strabtypname": "Strasse", "bez": "01", "bezname": "Mitte", "ort": "0101", "ortname": "Mitte" }, "geometry": { "type": "MultiLineString", "coordinates": [ [ [ 13.378781288356212, 52.527574355436222 ], [ 13.379483400136934, 52.523504029229329 ] ], [ [ 13.379483400136934, 52.523504029229329 ], [ 13.379590243524065, 52.522842843767052 ] ], [ [ 13.379590243524065, 52.522842843767052 ], [ 13.37963880354407, 52.522590423964708 ] ], [ [ 13.37963880354407, 52.522590423964708 ], [ 13.379798469870273, 52.521703786203098 ] ], [ [ 13.379798469870273, 52.521703786203098 ], [ 13.379872884909195, 52.521306737152443 ] ], [ [ 13.379872884909195, 52.521306737152443 ], [ 13.379926668297148, 52.520910542942175 ] ], [ [ 13.379926668297148, 52.520910542942175 ], [ 13.38014246430869, 52.51973195992781 ] ] ] } },
{ "type": "Feature", "properties": { "gisid": "4480610,4480620", "strnr": "44806", "strname": "Gendarmenmarkt", "strabnr": "10,20", "strabtypname": "Strasse", "bez": "01", "bezname": "Mitte", "ort": "0101", "ortname": "Mitte" }, "geometry": { "type": "MultiLineString", "coordinates": [ [ [ 13.391225056659755, 52.513988758181334 ], [ 13.393202628002214, 52.5141148912465 ] ], [ [ 13.391388837264753, 52.513109301726907 ], [ 13.391544691905805, 52.51316173283444 ], [ 13.393159892740616, 52.51328445076215 ], [ 13.393335517023308, 52.513220093914761 ] ] ] } },
{ "type": "Feature", "properties": { "gisid": "4480710", "strnr": "44807", "strname": "Lustgarten", "strabnr": "10", "strabtypname": "Strasse", "bez": "01", "bezname": "Mitte", "ort": "0101", "ortname": "Mitte" }, "geometry": { "type": "MultiLineString", "coordinates": [ [ [ 13.399220646668363, 52.517669996181901 ], [ 13.399537095982216, 52.517722725209367 ], [ 13.401033864528969, 52.51828365124274 ] ] ] } },
{ "type": "Feature", "properties": { "gisid": "4481010,44810100,44810110,44810120,44810130,44810140,44810150,44810160,44810170,44810180,44810190,4481020,44810200,44810210,44810220,44810230,44810240,44810250,44810260,44810270,44810280,44810290,4481030,44810300,44810310,44810320,44810330,44810340,44810350,44810360,44810370,44810380,44810390,4481040,44810400,44810410,44810420,44810430,44810440,44810450,44810460,44810470,4481050,4481060,4481070,4481080,4481090", "strnr": "44810", "strname": "Landsberger Allee", "strabnr": "10,100,110,120,130,140,150,160,170,180,190,20,200,210,220,230,240,250,260,270,280,290,30,300,310,320,330,340,350,360,370,380,390,40,400,410,420,430,440,450,460,470,50,60,70,80,90", "strabtypname": "Strasse", "bez": "02", "bezname": "Friedrichshain-Kreuzberg", "ort": "0201", "ortname": "Friedrichshain" }, "geometry": { "type": "MultiLineString", "coordinates": [ [ [ 13.433876503468806, 52.52324472596851 ], [ 13.435838608526003, 52.52332339098816 ], [ 13.436645570222197, 52.523419046858606 ] ], [ [ 13.456105791061175, 52.528568282854735 ], [ 13.457703178118223, 52.52891924834973 ] ], [ [ 13.457703178118223, 52.52891924834973 ], [ 13.460761219499782, 52.529559814581816 ] ], [ [ 13.460761219499782, 52.529559814581816 ], [ 13.461894932178762, 52.529799539039836 ] ], [ [ 13.461894932178762, 52.529799539039836 ], [ 13.468967831730309, 52.531454592429604 ] ], [ [ 13.468967831730309, 52.531454592429604 ], [ 13.47164772760572, 52.532029671120121 ] ], [ [ 13.47164772760572, 52.532029671120121 ], [ 13.475836888931889, 52.532974165823717 ], [ 13.476202155041626, 52.533031245395854 ] ], [ [ 13.476202155041626, 52.533031245395854 ], [ 13.477302702526144, 52.533107226097414 ], [ 13.484977435397914, 52.533555193896184 ] ], [ [ 13.484977435397914, 52.533555193896184 ], [ 13.49176232926796, 52.533970201134274 ] ], [ [ 13.49176232926796, 52.533970201134274 ], [ 13.494268620538627, 52.534107825731347 ], [ 13.496474483316115, 52.534182161515382 ] ], [ [ 13.496474483316115, 52.534182161515382 ], [ 13.497028582070703, 52.534182769229737 ] ], [ [ 13.436645570222197, 52.523419046858606 ], [ 13.438531748637169, 52.523685363081746 ], [ 13.439542726812762, 52.523966445145845 ] ], [ [ 13.497028582070703, 52.534182769229737 ], [ 13.498201572427014, 52.534201121235071 ], [ 13.499711870280356, 52.534276434841821 ] ], [ [ 13.499711870280356, 52.534276434841821 ], [ 13.505630626994789, 52.534641175942674 ] ], [ [ 13.505630626994789, 52.534641175942674 ], [ 13.514188372745791, 52.535203155198815 ] ], [ [ 13.514188372745791, 52.535203155198815 ], [ 13.517369586249883, 52.535412814005419 ] ], [ [ 13.517369586249883, 52.535412814005419 ], [ 13.518543968086687, 52.535481287534559 ] ], [ [ 13.518543968086687, 52.535481287534559 ], [ 13.519388234831263, 52.535552147430089 ] ], [ [ 13.519388234831263, 52.535552147430089 ], [ 13.521147517731988, 52.535693013203037 ], [ 13.522006479197124, 52.5357854354612 ] ], [ [ 13.522006479197124, 52.5357854354612 ], [ 13.52269885298316, 52.535902867209629 ], [ 13.523556102241038, 52.53610041810245 ], [ 13.524753460785982, 52.536442038245795 ] ], [ [ 13.524753460785982, 52.536442038245795 ], [ 13.529411645370681, 52.537930507570977 ], [ 13.534084546583427, 52.538876022599048 ] ], [ [ 13.541372719335643, 52.540355256855506 ], [ 13.54214476968745, 52.540492401789294 ], [ 13.543391090197554, 52.540802416479671 ], [ 13.544154270881767, 52.540960211599788 ] ], [ [ 13.439542726812762, 52.523966445145845 ], [ 13.442521032455442, 52.524856284691651 ] ], [ [ 13.550133452348794, 52.542906186008267 ], [ 13.55420696942652, 52.544120112593497 ] ], [ [ 13.55420696942652, 52.544120112593497 ], [ 13.555792266292706, 52.544575783111952 ], [ 13.556400797513495, 52.54472621792695 ], [ 13.557069816261686, 52.544845232059181 ], [ 13.558038040868285, 52.544981490105414 ], [ 13.558835439059989, 52.545016994669048 ], [ 13.559805357309171, 52.545013949031045 ], [ 13.560548336856964, 52.544970330138284 ], [ 13.561238310224184, 52.544885339986408 ] ], [ [ 13.561238310224184, 52.544885339986408 ], [ 13.562462003255559, 52.544714365307051 ], [ 13.56329933231012, 52.544655502671816 ], [ 13.563860949039269, 52.544645915334364 ], [ 13.5645905925089, 52.544643602103108 ] ], [ [ 13.5645905925089, 52.544643602103108 ], [ 13.565494115797799, 52.544680914270188 ], [ 13.566348884133262, 52.544801769024325 ], [ 13.567096015569161, 52.544950421575678 ], [ 13.568131913743761, 52.54521154290093 ], [ 13.56970565372327, 52.545627480223835 ], [ 13.571475416115247, 52.546089319411848 ] ], [ [ 13.571475416115247, 52.546089319411848 ], [ 13.575138810310765, 52.547069585695297 ] ], [ [ 13.575138810310765, 52.547069585695297 ], [ 13.583226629907802, 52.54916395700981 ] ], [ [ 13.583226629907802, 52.54916395700981 ], [ 13.584411585548722, 52.549456442349538 ], [ 13.584983478423602, 52.54955190015842 ], [ 13.585621763793791, 52.549591661841248 ], [ 13.586232085268456, 52.549581984481264 ], [ 13.586815923042927, 52.549516580026228 ], [ 13.587274480817458, 52.549418779692793 ] ], [ [ 13.534084546583427, 52.538876022599048 ], [ 13.534818018640548, 52.539113834121402 ], [ 13.535682661539507, 52.539356235465526 ], [ 13.536794857340331, 52.539629371360292 ] ], [ [ 13.544154270881767, 52.540960211599788 ], [ 13.54557269956263, 52.541469821778293 ], [ 13.546784944487559, 52.541904688459368 ], [ 13.547707101218769, 52.542197364868557 ], [ 13.550133452348794, 52.542906186008267 ] ], [ [ 13.536794857340331, 52.539629371360292 ], [ 13.537394501610118, 52.539735863550582 ], [ 13.5389136087728, 52.539957163124043 ] ], [ [ 13.442521032455442, 52.524856284691651 ], [ 13.443796891507688, 52.525228506205053 ] ], [ [ 13.534084546583427, 52.538876022599048 ], [ 13.534912726557778, 52.538929684377273 ], [ 13.53606205753691, 52.539055478433475 ] ], [ [ 13.540043327947886, 52.539580560220486 ], [ 13.540385094790413, 52.539666179889501 ], [ 13.541447217438812, 52.539939236038194 ], [ 13.542216145730885, 52.540163548279075 ], [ 13.543490192100835, 52.540615566544865 ], [ 13.544154270881767, 52.540960211599788 ] ], [ [ 13.539531418044472, 52.53982551659945 ], [ 13.539746617241391, 52.539817585976927 ], [ 13.541043196473217, 52.540033303702067 ], [ 13.541732698358761, 52.540172190395587 ], [ 13.542317517270224, 52.540333464025245 ], [ 13.544154270881767, 52.540960211599788 ] ], [ [ 13.534084546583427, 52.538876022599048 ], [ 13.534539810975842, 52.538947369524237 ], [ 13.535030326838346, 52.539077153986355 ], [ 13.53703698045496, 52.539427358557845 ], [ 13.537337546936909, 52.539476112337077 ] ], [ [ 13.5389136087728, 52.539957163124043 ], [ 13.540431237302503, 52.540188327439168 ], [ 13.541051533604508, 52.540293917432521 ], [ 13.541372719335643, 52.540355256855506 ] ], [ [ 13.537849448187929, 52.539239252594939 ], [ 13.538590601736981, 52.539334162329631 ], [ 13.540043327947886, 52.539580560220486 ] ], [ [ 13.53606205753691, 52.539055478433475 ], [ 13.537849448187929, 52.539239252594939 ] ], [ [ 13.462063185306373, 52.529332475324068 ], [ 13.461894932178762, 52.529799539039836 ] ], [ [ 13.443796891507688, 52.525228506205053 ], [ 13.444875640908123, 52.525527619777705 ] ], [ [ 13.444875640908123, 52.525527619777705 ], [ 13.447656807358255, 52.526396358413159 ] ], [ [ 13.447656807358255, 52.526396358413159 ], [ 13.450772664697597, 52.527237670241853 ] ], [ [ 13.450772664697597, 52.527237670241853 ], [ 13.452192968449827, 52.527633379285639 ] ], [ [ 13.452192968449827, 52.527633379285639 ], [ 13.455138511894313, 52.528362891858173 ] ] ] } },
{ "type": "Feature", "properties": { "gisid": "4481510,4481520,4481530,4481540,4481550,4481560", "strnr": "44815", "strname": "Hermann-Hesse-Straße", "strabnr": "10,20,30,40,50,60", "strabtypname": "Strasse", "bez": "03", "bezname": "Pankow", "ort": "0311", "ortname": "Niederschönhausen" }, "geometry": { "type": "MultiLineString", "coordinates": [ [ [ 13.400489412985864, 52.580404356191153 ], [ 13.400921480758699, 52.58043842954455 ], [ 13.401349017512601, 52.580493161654751 ], [ 13.403825206362873, 52.580927394186844 ] ], [ [ 13.398472387166576, 52.579910730036772 ], [ 13.399103991446465, 52.580154577657609 ], [ 13.399542826348798, 52.580305492805834 ], [ 13.400489412985864, 52.580404356191153 ] ], [ [ 13.392786980743676, 52.57573982558425 ], [ 13.393015872000442, 52.575969431164999 ], [ 13.394033222041868, 52.576891643645091 ], [ 13.395667406975823, 52.578340758133677 ], [ 13.395827607427361, 52.578453401154313 ], [ 13.397598699402494, 52.579413892550299 ] ], [ [ 13.392264787616709, 52.575466504813498 ], [ 13.392786980743676, 52.57573982558425 ] ], [ [ 13.389567363548109, 52.574285712429344 ], [ 13.392264787616709, 52.575466504813498 ] ], [ [ 13.383740644941799, 52.572751608126197 ], [ 13.38404882097652, 52.572768414990549 ], [ 13.388325384628022, 52.573743135379154 ], [ 13.389028885070774, 52.574030317414596 ], [ 13.389567363548109, 52.574285712429344 ] ] ] } },
{ "type": "Feature", "properties": { "gisid": "4481710,44817100,44817110,4481720,4481730,4481740,4481750,4481760,4481770,4481780,4481790", "strnr": "44817", "strname": "Radickestraße", "strabnr": "10,100,110,20,30,40,50,60,70,80,90", "strabtypname": "Strasse", "bez": "09", "bezname": "Treptow-Köpenick", "ort": "0907", "ortname": "Adlershof" }, "geometry": { "type": "MultiLineString", "coordinates": [ [ [ 13.554157525510089, 52.437926439126734 ], [ 13.554948130587086, 52.438236061186146 ], [ 13.555400637997431, 52.438481669437778 ] ], [ [ 13.545103121509699, 52.434369928615823 ], [ 13.546096361685718, 52.434759729739845 ] ], [ [ 13.545103121509699, 52.434369928615823 ], [ 13.543495776374852, 52.433728062642324 ] ], [ [ 13.552812940671229, 52.437397194655098 ], [ 13.554157525510089, 52.437926439126734 ] ], [ [ 13.55141399305864, 52.436861608850855 ], [ 13.552812940671229, 52.437397194655098 ] ], [ [ 13.550026864181122, 52.436312534296967 ], [ 13.55141399305864, 52.436861608850855 ] ], [ [ 13.550026864181122, 52.436312534296967 ], [ 13.549333312636374, 52.43603889009448 ] ], [ [ 13.549333312636374, 52.43603889009448 ], [ 13.548047616888399, 52.435532095732555 ] ], [ [ 13.54702936834412, 52.435130611382363 ], [ 13.548047616888399, 52.435532095732555 ] ], [ [ 13.546471022536327, 52.434913656417379 ], [ 13.54702936834412, 52.435130611382363 ] ], [ [ 13.546096361685718, 52.434759729739845 ], [ 13.546471022536327, 52.434913656417379 ] ] ] } },
{ "type": "Feature", "properties": { "gisid": "4482010,4482020,4482030,4482040,4482050,4482060", "strnr": "44820", "strname": "Ernst-Barlach-Straße", "strabnr": "10,20,30,40,50,60", "strabtypname": "Strasse", "bez": "11", "bezname": "Lichtenberg", "ort": "1107", "ortname": "Wartenberg" }, "geometry": { "type": "MultiLineString", "coordinates": [ [ [ 13.51201191427133, 52.575368684356086 ], [ 13.513523933856494, 52.575333290856818 ] ], [ [ 13.509726864453121, 52.575441042005373 ], [ 13.51201191427133, 52.575368684356086 ] ], [ [ 13.508377097569808, 52.575474751328052 ], [ 13.509726864453121, 52.575441042005373 ] ], [ [ 13.507008112415152, 52.575523702291832 ], [ 13.508377097569808, 52.575474751328052 ] ], [ [ 13.505966645423129, 52.575551404854529 ], [ 13.507008112415152, 52.575523702291832 ] ], [ [ 13.503284192035297, 52.575835311879246 ], [ 13.503780192466639, 52.575700132088031 ], [ 13.504274577012845, 52.575614373339533 ], [ 13.505966645423129, 52.575551404854529 ] ] ] } },
{ "type": "Feature", "properties": { "gisid": "4482110,4482120,4482130", "strnr": "44821", "strname": "Johanna-Tesch-Straße", "strabnr": "10,20,30", "strabtypname": "Strasse", "bez": "09", "bezname": "Treptow-Köpenick", "ort": "0905", "ortname": "Niederschöneweide" }, "geometry": { "type": "MultiLineString", "coordinates": [ [ [ 13.539434513489367, 52.451721910607041 ], [ 13.538921418341848, 52.450852521180131 ] ], [ [ 13.539434513489367, 52.451721910607041 ], [ 13.539550220890902, 52.451972724292943 ], [ 13.539626459452178, 52.45209949233832 ], [ 13.541986512880626, 52.452511888045294 ], [ 13.542239490455797, 52.452524648672714 ], [ 13.542486646001462, 52.452505952080742 ], [ 13.543694781216882, 52.452245288295003 ] ], [ [ 13.543694781216882, 52.452245288295003 ], [ 13.543662567258442, 52.452167081589231 ], [ 13.543167062266395, 52.451283344292158 ], [ 13.542215027115365, 52.451472290789916 ], [ 13.542030275594014, 52.451167511448254 ], [ 13.539880420179347, 52.451610802611192 ], [ 13.539434513489367, 52.451721910607041 ] ] ] } },
{ "type": "Feature", "properties": { "gisid": "4482510,44825100,44825110,44825120,4482520,4482530,4482540,4482550,4482560,4482570,4482580,4482590", "strnr": "44825", "strname": "Louis-Lewin-Straße", "strabnr": "10,100,110,120,20,30,40,50,60,70,80,90", "strabtypname": "Strasse", "bez": "10", "bezname": "Marzahn-Hellersdorf", "ort": "1005", "ortname": "Hellersdorf" }, "geometry": { "type": "MultiLineString", "coordinates": [ [ [ 13.620787949897442, 52.530825750693644 ], [ 13.62147891536577, 52.532009302869689 ] ], [ [ 13.619769879373383, 52.539521033360835 ], [ 13.619420408154886, 52.54057872347839 ], [ 13.619321580160868, 52.541060393234943 ] ], [ [ 13.619321580160868, 52.541060393234943 ], [ 13.619545433978493, 52.542199892583469 ] ], [ [ 13.619545433978493, 52.542199892583469 ], [ 13.619965229314575, 52.544092469990296 ] ], [ [ 13.62147891536577, 52.532009302869689 ], [ 13.622034384287334, 52.532792946700859 ] ], [ [ 13.622034384287334, 52.532792946700859 ], [ 13.622973000681871, 52.533824627165416 ] ], [ [ 13.622973000681871, 52.533824627165416 ], [ 13.623179296048265, 52.534067268035933 ], [ 13.623258857664894, 52.534282047240055 ], [ 13.623245583331178, 52.534448297488765 ], [ 13.623195466902867, 52.534601066295785 ], [ 13.623037756764644, 52.534929967592817 ] ], [ [ 13.623037756764644, 52.534929967592817 ], [ 13.622594092324858, 52.535876233487585 ] ], [ [ 13.622594092324858, 52.535876233487585 ], [ 13.622431956800151, 52.536149417643067 ], [ 13.622215294880766, 52.536394741771169 ], [ 13.621941160902947, 52.536564576625032 ], [ 13.621149723487431, 52.536840430708168 ] ], [ [ 13.621149723487431, 52.536840430708168 ], [ 13.620775362362592, 52.537040812086424 ], [ 13.620610276897782, 52.537227724027488 ], [ 13.620489402470902, 52.537405650457451 ], [ 13.62031985966842, 52.537827109069845 ] ], [ [ 13.62031985966842, 52.537827109069845 ], [ 13.619976307503499, 52.538911760596889 ] ], [ [ 13.619820011395189, 52.539379947981274 ], [ 13.619769879373383, 52.539521033360835 ] ] ] } },
{ "type": "Feature", "properties": { "gisid": "4482610,4482620,4482630,4482640,4482650", "strnr": "44826", "strname": "Peter-Huchel-Straße", "strabnr": "10,20,30,40,50", "strabtypname": "Strasse", "bez": "10", "bezname": "Marzahn-Hellersdorf", "ort": "1005", "ortname": "Hellersdorf" }, "geometry": { "type": "MultiLineString", "coordinates": [ [ [ 13.592071475349004, 52.524862889826728 ], [ 13.59018096024729, 52.525100471579599 ], [ 13.590049835266337, 52.525095039744819 ], [ 13.589996835931107, 52.525044699629312 ], [ 13.589526611982391, 52.523549199957856 ], [ 13.589462071700551, 52.523210388672005 ] ], [ [ 13.593041034440956, 52.524746341528854 ], [ 13.592071475349004, 52.524862889826728 ] ], [ [ 13.593041034440956, 52.524746341528854 ], [ 13.593577630743942, 52.526326318151 ], [ 13.59353328113091, 52.526522211566224 ] ], [ [ 13.594126999494144, 52.524607350561475 ], [ 13.593041034440956, 52.524746341528854 ] ], [ [ 13.594126999494144, 52.524607350561475 ], [ 13.594483577788987, 52.524567905806144 ], [ 13.594594068713285, 52.524582314104343 ], [ 13.595050677557593, 52.524764861043295 ], [ 13.59514495728188, 52.524785555173992 ], [ 13.596575706771706, 52.524607988819518 ] ] ] } },
{ "type": "Feature", "properties": { "gisid": "4482710,4482720,4482730,4482740,4482750,4482760,4482770,4482780,4482790", "strnr": "44827", "strname": "Nossener Straße", "strabnr": "10,20,30,40,50,60,70,80,90", "strabtypname": "Strasse", "bez": "10", "bezname": "Marzahn-Hellersdorf", "ort": "1005", "ortname": "Hellersdorf" }, "geometry": { "type": "MultiLineString", "coordinates": [ [ [ 13.60819056843561, 52.530659147079817 ], [ 13.607648658415719, 52.529819723549771 ] ], [ [ 13.607648658415719, 52.529819723549771 ], [ 13.608171814232682, 52.529690398853141 ] ], [ [ 13.608171814232682, 52.529690398853141 ], [ 13.608077584116597, 52.52950975624757 ], [ 13.607442749126996, 52.528928230413833 ], [ 13.607429535913752, 52.528817693540709 ], [ 13.607519481546891, 52.528673025705693 ], [ 13.607635912543904, 52.528612834426809 ], [ 13.608016104220567, 52.528535609773229 ] ], [ [ 13.608171814232682, 52.529690398853141 ], [ 13.609294725977778, 52.529458713427957 ] ], [ [ 13.608857683144549, 52.531671126215464 ], [ 13.610287170835841, 52.531374773372825 ], [ 13.610440460222438, 52.531271449774344 ], [ 13.610545136163164, 52.531127679127856 ], [ 13.610568753487243, 52.531017148912859 ] ], [ [ 13.60819056843561, 52.530659147079817 ], [ 13.608857683144549, 52.531671126215464 ] ], [ [ 13.608857683144549, 52.531671126215464 ], [ 13.608972548268158, 52.531860758711311 ] ], [ [ 13.608972548268158, 52.531860758711311 ], [ 13.609704439162909, 52.533135148697028 ] ], [ [ 13.609662687562658, 52.530554219935418 ], [ 13.610006050850231, 52.530481476873419 ], [ 13.610275687069784, 52.530545318025581 ], [ 13.610568753487243, 52.531017148912859 ] ] ] } },
{ "type": "Feature", "properties": { "gisid": "4482810,44828100,44828110,44828120,44828130,44828140,4482820,4482830,4482840,4482850,4482860,4482870,4482880,4482890", "strnr": "44828", "strname": "Lily-Braun-Straße", "strabnr": "10,100,110,120,130,140,20,30,40,50,60,70,80,90", "strabtypname": "Strasse", "bez": "10", "bezname": "Marzahn-Hellersdorf", "ort": "1005", "ortname": "Hellersdorf" }, "geometry": { "type": "MultiLineString", "coordinates": [ [ [ 13.592123559902831, 52.518525618086883 ], [ 13.592480707751575, 52.519598709717037 ] ], [ [ 13.59350962800178, 52.522685865639829 ], [ 13.594163881650905, 52.52453996169065 ], [ 13.594126999494144, 52.524607350561475 ] ], [ [ 13.593962057211899, 52.520510355098189 ], [ 13.59509506496895, 52.520361482512989 ] ], [ [ 13.59414522834046, 52.519840011245357 ], [ 13.594731609981581, 52.519767378174436 ] ], [ [ 13.594124828946395, 52.519532667098694 ], [ 13.594565343932052, 52.519484258454526 ] ], [ [ 13.594026385406616, 52.519179470153595 ], [ 13.594490467773253, 52.519131966673584 ] ], [ [ 13.592480707751575, 52.519598709717037 ], [ 13.590927815929232, 52.519794163151758 ] ], [ [ 13.592480707751575, 52.519598709717037 ], [ 13.593649054186894, 52.519448962299698 ] ], [ [ 13.592480707751575, 52.519598709717037 ], [ 13.592837885372642, 52.52065562489301 ] ], [ [ 13.592055533404901, 52.520749760080662 ], [ 13.592837885372642, 52.52065562489301 ] ], [ [ 13.592837885372642, 52.52065562489301 ], [ 13.593962057211899, 52.520510355098189 ] ], [ [ 13.592837885372642, 52.52065562489301 ], [ 13.593111292570995, 52.521464488365801 ] ], [ [ 13.593111292570995, 52.521464488365801 ], [ 13.593218599628951, 52.521781741567004 ] ], [ [ 13.593218599628951, 52.521781741567004 ], [ 13.59350962800178, 52.522685865639829 ] ] ] } },
{ "type": "Feature", "properties": { "gisid": "4482910,4482920,4482930", "strnr": "44829", "strname": "Ernst-Bloch-Straße", "strabnr": "10,20,30", "strabtypname": "Strasse", "bez": "10", "bezname": "Marzahn-Hellersdorf", "ort": "1005", "ortname": "Hellersdorf" }, "geometry": { "type": "MultiLineString", "coordinates": [ [ [ 13.590105764736149, 52.518020876069556 ], [ 13.589412841014614, 52.518679373899957 ], [ 13.589374407518561, 52.518834828211084 ], [ 13.589874033805419, 52.520338426782622 ], [ 13.590662269429071, 52.520251496864617 ], [ 13.590810714820819, 52.520682894063448 ], [ 13.591666735665335, 52.520581599728445 ], [ 13.591990749286337, 52.520700315445211 ], [ 13.592055533404901, 52.520749760080662 ] ], [ [ 13.592055533404901, 52.520749760080662 ], [ 13.591971488974824, 52.52084050018896 ], [ 13.592203747713125, 52.521496581791645 ], [ 13.592361317803908, 52.52158469474287 ] ], [ [ 13.592361317803908, 52.52158469474287 ], [ 13.59217701689062, 52.52177066309622 ], [ 13.592116577928564, 52.521815578084166 ], [ 13.592016374409212, 52.521844305705905 ], [ 13.591144106295262, 52.521968064414985 ] ] ] } },
{ "type": "Feature", "properties": { "gisid": "4483010,4483020,4483030,4483040,4483050,4483060,4483070", "strnr": "44830", "strname": "Carola-Neher-Straße", "strabnr": "10,20,30,40,50,60,70", "strabtypname": "Strasse", "bez": "10", "bezname": "Marzahn-Hellersdorf", "ort": "1005", "ortname": "Hellersdorf" }, "geometry": { "type": "MultiLineString", "coordinates": [ [ [ 13.597348739974667, 52.532020246910911 ], [ 13.596601154534175, 52.53271741456588 ], [ 13.596486165385835, 52.53278478416577 ], [ 13.595790546683594, 52.532883458259391 ], [ 13.595628460108264, 52.532864545039196 ], [ 13.593545368135262, 52.532039926288263 ], [ 13.593442251367495, 52.531993167584311 ], [ 13.5933715714195, 52.531923053086743 ], [ 13.592873171002964, 52.530415878944233 ] ], [ [ 13.598559258036058, 52.530925082478021 ], [ 13.598457534481005, 52.531001443663357 ], [ 13.597348739974667, 52.532020246910911 ] ], [ [ 13.598559258036058, 52.530925082478021 ], [ 13.59871256619385, 52.530834355047794 ], [ 13.599582460432584, 52.530023072995782 ], [ 13.599607538606049, 52.529977247620586 ] ], [ [ 13.599607538606049, 52.529977247620586 ], [ 13.599576629895136, 52.52991792982435 ], [ 13.599439835473767, 52.529521594157842 ] ], [ [ 13.599607538606049, 52.529977247620586 ], [ 13.600700724123632, 52.5302749422289 ] ], [ [ 13.600700724123632, 52.5302749422289 ], [ 13.601409385704976, 52.530468302822257 ] ], [ [ 13.599439835473767, 52.529521594157842 ], [ 13.59919712358165, 52.528845754217372 ] ] ] } },
{ "type": "Feature", "properties": { "gisid": "4483110,4483120,4483130,4483140,4483150", "strnr": "44831", "strname": "Adele-Sandrock-Straße", "strabnr": "10,20,30,40,50", "strabtypname": "Strasse", "bez": "10", "bezname": "Marzahn-Hellersdorf", "ort": "1005", "ortname": "Hellersdorf" }, "geometry": { "type": "MultiLineString", "coordinates": [ [ [ 13.619812049382665, 52.533521651621811 ], [ 13.621772070197574, 52.532867525312824 ], [ 13.622034384287334, 52.532792946700859 ] ], [ [ 13.619275512524524, 52.534311534893689 ], [ 13.619471568300602, 52.533946694509702 ], [ 13.619642545046222, 52.533743609095723 ], [ 13.619812049382665, 52.533521651621811 ] ], [ [ 13.618847995743492, 52.535185894401593 ], [ 13.619275512524524, 52.534311534893689 ] ], [ [ 13.618644553517889, 52.535587578196676 ], [ 13.618847995743492, 52.535185894401593 ] ], [ [ 13.618644553517889, 52.535587578196676 ], [ 13.618687256971759, 52.535781689306951 ], [ 13.619083618069943, 52.536207673545263 ], [ 13.619286975193827, 52.53632181444047 ], [ 13.620681100904914, 52.536586990271879 ], [ 13.620941944364249, 52.536673272167199 ], [ 13.621149723487431, 52.536840430708168 ] ] ] } },
{ "type": "Feature", "properties": { "gisid": "4483210,4483220,4483230,4483240,4483250,4483260", "strnr": "44832", "strname": "Mark-Twain-Straße", "strabnr": "10,20,30,40,50,60", "strabtypname": "Strasse", "bez": "10", "bezname": "Marzahn-Hellersdorf", "ort": "1005", "ortname": "Hellersdorf" }, "geometry": { "type": "MultiLineString", "coordinates": [ [ [ 13.609704439162909, 52.533135148697028 ], [ 13.609614451266552, 52.533389453554356 ], [ 13.610138718528594, 52.534333108247232 ] ], [ [ 13.610138718528594, 52.534333108247232 ], [ 13.61027274246352, 52.534555093039884 ] ], [ [ 13.61027274246352, 52.534555093039884 ], [ 13.610825024661828, 52.53554008676862 ] ], [ [ 13.610825024661828, 52.53554008676862 ], [ 13.610963503811977, 52.53568298936618 ], [ 13.611227245823018, 52.53583579417797 ], [ 13.611538182081562, 52.535897839460226 ] ], [ [ 13.614902607974827, 52.536259467329693 ], [ 13.614709558433304, 52.536223503169246 ], [ 13.611538182081562, 52.535897839460226 ] ], [ [ 13.616747641828793, 52.536666718672187 ], [ 13.614902607974827, 52.536259467329693 ] ] ] } },
{ "type": "Feature", "properties": { "gisid": "4483310,4483320,4483330,4483340,4483350,4483360,4483370,4483380", "strnr": "44833", "strname": "Petersburger Straße", "strabnr": "10,20,30,40,50,60,70,80", "strabtypname": "Strasse", "bez": "02", "bezname": "Friedrichshain-Kreuzberg", "ort": "0201", "ortname": "Friedrichshain" }, "geometry": { "type": "MultiLineString", "coordinates": [ [ [ 13.447656807358255, 52.526396358413159 ], [ 13.448374142618873, 52.525357702396676 ] ], [ [ 13.448374142618873, 52.525357702396676 ], [ 13.449066297421062, 52.524343267370533 ] ], [ [ 13.449066297421062, 52.524343267370533 ], [ 13.449734751584749, 52.523353056076033 ] ], [ [ 13.449734751584749, 52.523353056076033 ], [ 13.450437210103582, 52.522325149130701 ] ], [ [ 13.450437210103582, 52.522325149130701 ], [ 13.451081890720594, 52.521369941907757 ] ], [ [ 13.451081890720594, 52.521369941907757 ], [ 13.451705760964476, 52.520454242316156 ] ], [ [ 13.451705760964476, 52.520454242316156 ], [ 13.452808046899181, 52.518878732614866 ] ], [ [ 13.453835821079558, 52.516373898940202 ], [ 13.453179245142593, 52.518139688057559 ] ] ] } },
{ "type": "Feature", "properties": { "gisid": "4483510,44835100,44835110,44835120,44835130,44835140,44835150,44835160,44835170,44835180,44835190,4483520,44835200,44835210,44835220,44835230,4483530,4483540,4483550,4483560,4483570,4483580,4483590", "strnr": "44835", "strname": "Cecilienstraße", "strabnr": "10,100,110,120,130,140,150,160,170,180,190,20,200,210,220,230,30,40,50,60,70,80,90", "strabtypname": "Strasse", "bez": "10", "bezname": "Marzahn-Hellersdorf", "ort": "1001", "ortname": "Marzahn" }, "geometry": { "type": "MultiLineString", "coordinates": [ [ [ 13.549314012723444, 52.530240111435006 ], [ 13.549806256659878, 52.530192802225706 ] ], [ [ 13.565742580867777, 52.529115555457238 ], [ 13.5663703676965, 52.529060158470095 ] ], [ [ 13.5663703676965, 52.529060158470095 ], [ 13.567375339771676, 52.529026514385265 ], [ 13.568118008020614, 52.529007110941677 ], [ 13.568794409329614, 52.528957116496457 ], [ 13.56956661524924, 52.528884698538789 ] ], [ [ 13.571324980867919, 52.528494615157875 ], [ 13.57072063328188, 52.528669570101719 ], [ 13.57028876695059, 52.528775407080445 ], [ 13.569936521533185, 52.528838145757902 ], [ 13.56956661524924, 52.528884698538789 ] ], [ [ 13.572884697895482, 52.527858186297131 ], [ 13.572299428657493, 52.528106846429246 ], [ 13.571930881026638, 52.528253157808145 ], [ 13.571324980867919, 52.528494615157875 ] ], [ [ 13.573958054743942, 52.527288921070017 ], [ 13.573387458096963, 52.527600498950974 ], [ 13.572884697895482, 52.527858186297131 ] ], [ [ 13.573958054743942, 52.527288921070017 ], [ 13.574477013413969, 52.527028540951008 ], [ 13.575242070302238, 52.526730520661758 ], [ 13.575989352462326, 52.526506178452813 ], [ 13.577783062870152, 52.525993796719007 ], [ 13.578895793179351, 52.525702185612637 ] ], [ [ 13.583757826621769, 52.524330893478904 ], [ 13.578895793179351, 52.525702185612637 ] ], [ [ 13.584034453082873, 52.524706627802907 ], [ 13.583757826621769, 52.524330893478904 ] ], [ [ 13.585760576023256, 52.523812175446217 ], [ 13.585406904118818, 52.523892033615553 ], [ 13.583757826621769, 52.524330893478904 ] ], [ [ 13.587359424933288, 52.523482007270673 ], [ 13.585760576023256, 52.523812175446217 ] ], [ [ 13.552447146282216, 52.53000845760009 ], [ 13.550980800520509, 52.530114473993343 ] ], [ [ 13.587359424933288, 52.523482007270673 ], [ 13.587772032091232, 52.523391378770036 ], [ 13.589462071700551, 52.523210388672005 ] ], [ [ 13.591417355332727, 52.522946776215015 ], [ 13.589462071700551, 52.523210388672005 ] ], [ [ 13.59350962800178, 52.522685865639829 ], [ 13.591417355332727, 52.522946776215015 ] ], [ [ 13.549806256659878, 52.530192802225706 ], [ 13.550980800520509, 52.530114473993343 ] ], [ [ 13.554169895659468, 52.529892695235681 ], [ 13.552447146282216, 52.53000845760009 ] ], [ [ 13.556034094280044, 52.529776092934597 ], [ 13.554169895659468, 52.529892695235681 ] ], [ [ 13.558026509108027, 52.529640663747095 ], [ 13.556034094280044, 52.529776092934597 ] ], [ [ 13.558026509108027, 52.529640663747095 ], [ 13.559472186753451, 52.529539042316806 ] ], [ [ 13.561421839265455, 52.529409821855609 ], [ 13.559472186753451, 52.529539042316806 ] ], [ [ 13.561421839265455, 52.529409821855609 ], [ 13.564377988222345, 52.529207411096237 ] ], [ [ 13.564377988222345, 52.529207411096237 ], [ 13.565742580867777, 52.529115555457238 ] ] ] } },
{ "type": "Feature", "properties": { "gisid": "4483610,4483620,4483630,4483640,4483650,4483660", "strnr": "44836", "strname": "Weißenseer Weg", "strabnr": "10,20,30,40,50,60", "strabtypname": "Strasse", "bez": "11", "bezname": "Lichtenberg", "ort": "1111", "ortname": "Fennpfuhl" }, "geometry": { "type": "MultiLineString", "coordinates": [ [ [ 13.479742361900298, 52.526679547183754 ], [ 13.479673497967706, 52.527005671324467 ], [ 13.479356028411853, 52.527650506700077 ], [ 13.478837190807329, 52.52858355693968 ] ], [ [ 13.477556506928936, 52.530828573311702 ], [ 13.478837190807329, 52.52858355693968 ] ], [ [ 13.477556506928936, 52.530828573311702 ], [ 13.476914675633347, 52.531941189056099 ], [ 13.476202155041626, 52.533031245395854 ] ], [ [ 13.476202155041626, 52.533031245395854 ], [ 13.476033405571107, 52.533252098833792 ], [ 13.473477041907367, 52.536103825454063 ] ], [ [ 13.473477041907367, 52.536103825454063 ], [ 13.47202299710518, 52.537631435043835 ], [ 13.471661874055176, 52.538063212543364 ], [ 13.470359610916288, 52.539977417664112 ] ], [ [ 13.470359610916288, 52.539977417664112 ], [ 13.470108906743182, 52.540433599266613 ] ] ] } },
{ "type": "Feature", "properties": { "gisid": "4483910,44839100,44839110,44839120,44839130,44839140,44839150,4483920,4483930,4483940,4483950,4483960,4483970,4483980,4483990", "strnr": "44839", "strname": "Gensinger Straße", "strabnr": "10,100,110,120,130,140,150,20,30,40,50,60,70,80,90", "strabtypname": "Strasse", "bez": "11", "bezname": "Lichtenberg", "ort": "1101", "ortname": "Friedrichsfelde" }, "geometry": { "type": "MultiLineString", "coordinates": [ [ [ 13.532500773108687, 52.510277954870965 ], [ 13.532571571680021, 52.510922344054372 ] ], [ [ 13.528696424967565, 52.512897145976453 ], [ 13.526458755960233, 52.513004017749189 ], [ 13.526386610387586, 52.51299137621875 ] ], [ [ 13.532571571680021, 52.510922344054372 ], [ 13.532643756572917, 52.511608071757763 ] ], [ [ 13.532571571680021, 52.510922344054372 ], [ 13.534801687674722, 52.510847702099461 ], [ 13.534982689904218, 52.510926023684732 ], [ 13.535034658276054, 52.511435599887683 ] ], [ [ 13.528562767302912, 52.512062189271788 ], [ 13.528624574329703, 52.512087402424157 ], [ 13.528686836271619, 52.51257182626717 ], [ 13.528696424967565, 52.512897145976453 ] ], [ [ 13.52628406044383, 52.512098030343729 ], [ 13.526368074309715, 52.512072939114731 ], [ 13.526524204698708, 52.512073070890025 ], [ 13.526702414512719, 52.512079511198188 ], [ 13.526921838999355, 52.512098567047715 ], [ 13.528446447717025, 52.512043221180171 ], [ 13.528562767302912, 52.512062189271788 ] ], [ [ 13.526386610387586, 52.51299137621875 ], [ 13.526333670363984, 52.51295268971711 ], [ 13.526210237267298, 52.512175252055918 ], [ 13.52628406044383, 52.512098030343729 ] ], [ [ 13.529533138474124, 52.513534077724231 ], [ 13.530302101568546, 52.513503250208984 ], [ 13.531221208547036, 52.513518370357907 ], [ 13.531785425715768, 52.513488267851336 ], [ 13.532097800739246, 52.51343998879176 ], [ 13.532315936958849, 52.513376357748605 ], [ 13.532538630338358, 52.513248027413837 ], [ 13.53271283529449, 52.513062144126962 ] ], [ [ 13.5245599597185, 52.513704248783696 ], [ 13.525101958157407, 52.513730774170895 ], [ 13.529533138474124, 52.513534077724231 ] ], [ [ 13.529533138474124, 52.513534077724231 ], [ 13.529447664509572, 52.512883384269358 ] ], [ [ 13.530487229233101, 52.510336552854341 ], [ 13.530503654743738, 52.509557435524592 ], [ 13.530525889006151, 52.509491851208793 ], [ 13.530574596663557, 52.509444261960851 ], [ 13.530688107682424, 52.509397623979481 ], [ 13.531246342339511, 52.509384593929113 ], [ 13.531795686782379, 52.509396715476583 ], [ 13.531991516723519, 52.509423830788094 ], [ 13.532219622698394, 52.509510282671528 ], [ 13.532365205135077, 52.509618236449199 ], [ 13.532426792507973, 52.509745893969182 ], [ 13.532500773108687, 52.510277954870965 ] ], [ [ 13.532643756572917, 52.511608071757763 ], [ 13.532777974804006, 52.51290762806309 ], [ 13.53271283529449, 52.513062144126962 ] ], [ [ 13.532643756572917, 52.511608071757763 ], [ 13.53023237753213, 52.51170589136651 ] ], [ [ 13.529447664509572, 52.512883384269358 ], [ 13.52927244828687, 52.511518189121972 ] ], [ [ 13.529447664509572, 52.512883384269358 ], [ 13.528696424967565, 52.512897145976453 ] ] ] } },
{ "type": "Feature", "properties": { "gisid": "4484010,4484020,4484030,4484040,4484050,4484060,4484070,4484080", "strnr": "44840", "strname": "Rheinsteinstraße", "strabnr": "10,20,30,40,50,60,70,80", "strabtypname": "Strasse", "bez": "11", "bezname": "Lichtenberg", "ort": "1102", "ortname": "Karlshorst" }, "geometry": { "type": "MultiLineString", "coordinates": [ [ [ 13.525663658819299, 52.482633210096246 ], [ 13.526247841975065, 52.482712787002981 ], [ 13.527592476410181, 52.483037434006363 ] ], [ [ 13.527592476410181, 52.483037434006363 ], [ 13.528092673404734, 52.483158270597016 ] ], [ [ 13.528092673404734, 52.483158270597016 ], [ 13.529435866181887, 52.483481996526152 ] ], [ [ 13.529435866181887, 52.483481996526152 ], [ 13.530692292869373, 52.483776880553378 ] ], [ [ 13.53197079847379, 52.48408075537187 ], [ 13.530692292869373, 52.483776880553378 ] ], [ [ 13.53197079847379, 52.48408075537187 ], [ 13.532688729635353, 52.484270044135656 ], [ 13.533462392135393, 52.484559123353371 ], [ 13.53399476772908, 52.484794090203195 ] ], [ [ 13.53399476772908, 52.484794090203195 ], [ 13.534559564462715, 52.485013802970776 ], [ 13.537059266679254, 52.485641182074929 ] ], [ [ 13.537059266679254, 52.485641182074929 ], [ 13.538726228231786, 52.486077378267531 ] ] ] } },
{ "type": "Feature", "properties": { "gisid": "4484110,44841100,44841110,44841120,44841130,44841140,44841150,4484120,4484130,4484140,4484150,4484160,4484170,4484180,4484190", "strnr": "44841", "strname": "Sewanstraße", "strabnr": "10,100,110,120,130,140,150,20,30,40,50,60,70,80,90", "strabtypname": "Strasse", "bez": "11", "bezname": "Lichtenberg", "ort": "1101", "ortname": "Friedrichsfelde" }, "geometry": { "type": "MultiLineString", "coordinates": [ [ [ 13.496337732306463, 52.50016451042719 ], [ 13.497910439697526, 52.499645013401327 ] ], [ [ 13.519614110346332, 52.494695161720891 ], [ 13.516237361963983, 52.493777234456452 ], [ 13.515968057899922, 52.493724862030227 ], [ 13.515500018618582, 52.493662416906254 ] ], [ [ 13.521048770546464, 52.495063997693549 ], [ 13.519614110346332, 52.494695161720891 ] ], [ [ 13.523298839686603, 52.49556563094955 ], [ 13.523108997988537, 52.495525026208121 ], [ 13.522231888878494, 52.495343628095966 ], [ 13.521048770546464, 52.495063997693549 ] ], [ [ 13.524526111374934, 52.495865047101724 ], [ 13.523298839686603, 52.49556563094955 ] ], [ [ 13.514617137352602, 52.494620460342375 ], [ 13.514762817633962, 52.494652949475707 ], [ 13.515377779832694, 52.494843144663477 ], [ 13.515742817692107, 52.494300694024929 ], [ 13.515822403118673, 52.494269315059853 ], [ 13.51607409902323, 52.494298307073542 ], [ 13.516478755864265, 52.494393041898249 ], [ 13.517001129423249, 52.49451664201618 ], [ 13.517720652994184, 52.494700630878889 ], [ 13.518290155344564, 52.494821571793054 ], [ 13.518462194557765, 52.494914290650421 ] ], [ [ 13.52079152204626, 52.495504112917203 ], [ 13.522416120858932, 52.495888378710525 ] ], [ [ 13.497910439697526, 52.499645013401327 ], [ 13.499878106457039, 52.498998303376034 ] ], [ [ 13.499878106457039, 52.498998303376034 ], [ 13.501851590656118, 52.498357854482229 ] ], [ [ 13.501851590656118, 52.498357854482229 ], [ 13.50378664530643, 52.497749679719959 ] ], [ [ 13.5069150379497, 52.496876678328597 ], [ 13.50378664530643, 52.497749679719959 ] ], [ [ 13.509584561544736, 52.496315878056997 ], [ 13.509068973012386, 52.496407930913442 ], [ 13.508092365096958, 52.496557037344061 ], [ 13.507850725280891, 52.496617905030625 ], [ 13.5069150379497, 52.496876678328597 ] ], [ [ 13.514617137352602, 52.494620460342375 ], [ 13.514092532131233, 52.495373043898724 ], [ 13.513943475771095, 52.495508600606172 ], [ 13.513728229950807, 52.495617133995232 ], [ 13.513435010479469, 52.495701329591583 ], [ 13.512551235610495, 52.495833486349547 ], [ 13.509584561544736, 52.496315878056997 ] ], [ [ 13.515500018618582, 52.493662416906254 ], [ 13.515089925915365, 52.493973868810514 ], [ 13.514970276149047, 52.494128326306338 ], [ 13.514617137352602, 52.494620460342375 ] ], [ [ 13.516093611010707, 52.492388668005766 ], [ 13.515457923441479, 52.49342333369168 ], [ 13.515500018618582, 52.493662416906254 ] ] ] } },
{ "type": "Feature", "properties": { "gisid": "4484210,44842100,44842110,44842120,44842130,44842140,44842150,44842160,44842170,44842180,44842190,4484220,44842200,4484230,4484240,4484250,4484260,4484270,4484280,4484290", "strnr": "44842", "strname": "Treskowallee", "strabnr": "10,100,110,120,130,140,150,160,170,180,190,20,200,30,40,50,60,70,80,90", "strabtypname": "Strasse", "bez": "11", "bezname": "Lichtenberg", "ort": "1101", "ortname": "Friedrichsfelde" }, "geometry": { "type": "MultiLineString", "coordinates": [ [ [ 13.525567615565294, 52.494352590782945 ], [ 13.52544646112986, 52.494536713725523 ] ], [ [ 13.526231979462425, 52.484507404584036 ], [ 13.526562254968699, 52.485564511984371 ] ], [ [ 13.525663658819299, 52.482633210096246 ], [ 13.526231979462425, 52.484507404584036 ] ], [ [ 13.525483843577089, 52.482094757216373 ], [ 13.525663658819299, 52.482633210096246 ] ], [ [ 13.525483843577089, 52.482094757216373 ], [ 13.525471656522418, 52.481632833613254 ] ], [ [ 13.525124563920263, 52.480232419090157 ], [ 13.525287725900617, 52.480966766674527 ], [ 13.525471656522418, 52.481632833613254 ] ], [ [ 13.524585482063326, 52.47848765058513 ], [ 13.525124563920263, 52.480232419090157 ] ], [ [ 13.5231221783724, 52.476743873779228 ], [ 13.52397695674528, 52.477509379450275 ], [ 13.524335202652672, 52.477883532815326 ], [ 13.524585482063326, 52.47848765058513 ] ], [ [ 13.515673775140751, 52.469667350894177 ], [ 13.520252871982082, 52.474048939491816 ] ], [ [ 13.515673775140751, 52.469667350894177 ], [ 13.514833958375567, 52.468921569220349 ], [ 13.51451357759673, 52.468762202676537 ] ], [ [ 13.520252871982082, 52.474048939491816 ], [ 13.520622874088062, 52.474406040209558 ] ], [ [ 13.526071482827176, 52.493563993069969 ], [ 13.525567615565294, 52.494352590782945 ] ], [ [ 13.520622874088062, 52.474406040209558 ], [ 13.521392331727416, 52.475118467245281 ], [ 13.521687451523203, 52.475408996791394 ], [ 13.5231221783724, 52.476743873779228 ] ], [ [ 13.526980223606342, 52.492118811112661 ], [ 13.526071482827176, 52.493563993069969 ] ], [ [ 13.527244619238681, 52.491737100507876 ], [ 13.526980223606342, 52.492118811112661 ] ], [ [ 13.527958639421884, 52.490431938792398 ], [ 13.527244619238681, 52.491737100507876 ] ], [ [ 13.527958639421884, 52.490431938792398 ], [ 13.527997304500383, 52.490258529105382 ], [ 13.527984460456812, 52.490076988108939 ], [ 13.527832534860948, 52.489549347761823 ] ], [ [ 13.527237567480592, 52.487682328983702 ], [ 13.527832534860948, 52.489549347761823 ] ], [ [ 13.526895586032339, 52.486579382470325 ], [ 13.527237567480592, 52.487682328983702 ] ], [ [ 13.526562254968699, 52.485564511984371 ], [ 13.526895586032339, 52.486579382470325 ] ] ] } },
{ "type": "Feature", "properties": { "gisid": "4484310,44843100,44843110,44843120,44843130,44843140,44843150,44843160,44843170,4484320,4484330,4484340,4484350,4484360,4484370,4484380,4484390", "strnr": "44843", "strname": "Alt-Friedrichsfelde", "strabnr": "10,100,110,120,130,140,150,160,170,20,30,40,50,60,70,80,90", "strabtypname": "Strasse", "bez": "11", "bezname": "Lichtenberg", "ort": "1101", "ortname": "Friedrichsfelde" }, "geometry": { "type": "MultiLineString", "coordinates": [ [ [ 13.504817002370343, 52.510686846317114 ], [ 13.507615901269626, 52.510533318826454 ] ], [ [ 13.537865443886501, 52.510043937668684 ], [ 13.54127245312071, 52.509902647045379 ] ], [ [ 13.54127245312071, 52.509902647045379 ], [ 13.5438236473739, 52.509794815344591 ] ], [ [ 13.519763546560524, 52.508989302156273 ], [ 13.519879646896035, 52.509093649715616 ], [ 13.520056150569472, 52.509191761315464 ], [ 13.520290166379052, 52.509260268105109 ], [ 13.520911495793039, 52.509347093209577 ], [ 13.521091217091415, 52.509332874546132 ], [ 13.521301894090142, 52.509307000891432 ] ], [ [ 13.521301894090142, 52.509307000891432 ], [ 13.521509432738272, 52.50936290081345 ], [ 13.523413817157472, 52.509362772847318 ] ], [ [ 13.511981937886365, 52.50923906217286 ], [ 13.514198844626696, 52.509127051554181 ], [ 13.514334226725849, 52.509173909499921 ], [ 13.514668139004598, 52.509339576598876 ], [ 13.51488589192852, 52.509429647184504 ], [ 13.514997809320896, 52.509436941831346 ], [ 13.516644688497971, 52.509341422837046 ], [ 13.517051173559191, 52.509348987880585 ], [ 13.517856966181853, 52.509288620319346 ], [ 13.517963116463047, 52.509245582275675 ], [ 13.51803981106297, 52.509202516871461 ], [ 13.518222783940541, 52.509063393283178 ] ], [ [ 13.52927244828687, 52.511518189121972 ], [ 13.529184316130316, 52.510740783416921 ] ], [ [ 13.529184316130316, 52.510740783416921 ], [ 13.526546147846783, 52.510840139139297 ] ], [ [ 13.526546147846783, 52.510840139139297 ], [ 13.526566292261331, 52.511050440922922 ] ], [ [ 13.507615901269626, 52.510533318826454 ], [ 13.508411379375024, 52.510487383275603 ] ], [ [ 13.508411379375024, 52.510487383275603 ], [ 13.512036736771956, 52.510256388057655 ] ], [ [ 13.512036736771956, 52.510256388057655 ], [ 13.518956292692044, 52.509651777804834 ] ], [ [ 13.518956292692044, 52.509651777804834 ], [ 13.519987417063817, 52.509598788777836 ], [ 13.521192192011888, 52.509605256043081 ] ], [ [ 13.521192192011888, 52.509605256043081 ], [ 13.522102326217482, 52.509642006230649 ], [ 13.523427606541336, 52.509764482528865 ] ], [ [ 13.523427606541336, 52.509764482528865 ], [ 13.525234239199346, 52.510008673205775 ], [ 13.52620163014241, 52.51013171090873 ], [ 13.52688637674785, 52.510192497768614 ], [ 13.527939298938787, 52.510272457582808 ], [ 13.529104233908537, 52.510321047395159 ], [ 13.530487229233101, 52.510336552854341 ] ], [ [ 13.530487229233101, 52.510336552854341 ], [ 13.532500773108687, 52.510277954870965 ] ], [ [ 13.532500773108687, 52.510277954870965 ], [ 13.537865443886501, 52.510043937668684 ] ] ] } },
{ "type": "Feature", "properties": { "gisid": "4484410,4484420,4484430", "strnr": "44844", "strname": "Huronseestraße", "strabnr": "10,20,30", "strabtypname": "Strasse", "bez": "11", "bezname": "Lichtenberg", "ort": "1101", "ortname": "Friedrichsfelde" }, "geometry": { "type": "MultiLineString", "coordinates": [ [ [ 13.497910439697526, 52.499645013401327 ], [ 13.49785323633121, 52.49956766680306 ], [ 13.496827313787401, 52.497424146112209 ] ], [ [ 13.496827313787401, 52.497424146112209 ], [ 13.496604957040226, 52.496931434663907 ], [ 13.496637548909128, 52.496864071098379 ], [ 13.497817566565999, 52.496655973612441 ], [ 13.497853185620503, 52.496559855394629 ], [ 13.497560469451503, 52.495956534310672 ], [ 13.498226314952788, 52.495844925310202 ], [ 13.498439771804152, 52.495858636103847 ] ], [ [ 13.496827313787401, 52.497424146112209 ], [ 13.495050550559322, 52.497759182063163 ] ] ] } },
{ "type": "Feature", "properties": { "gisid": "4484510", "strnr": "44845", "strname": "Michiganseestraße", "strabnr": "10", "strabtypname": "Strasse", "bez": "11", "bezname": "Lichtenberg", "ort": "1101", "ortname": "Friedrichsfelde" }, "geometry": { "type": "MultiLineString", "coordinates": [ [ [ 13.501851590656118, 52.498357854482229 ], [ 13.500964679526751, 52.496460742008061 ] ] ] } },
{ "type": "Feature", "properties": { "gisid": "4484610,4484620,4484630,4484640,4484650", "strnr": "44846", "strname": "Erieseering", "strabnr": "10,20,30,40,50", "strabtypname": "Strasse", "bez": "11", "bezname": "Lichtenberg", "ort": "1101", "ortname": "Friedrichsfelde" }, "geometry": { "type": "MultiLineString", "coordinates": [ [ [ 13.520017113626711, 52.496695945408526 ], [ 13.52079152204626, 52.495504112917203 ] ], [ [ 13.518462194557765, 52.494914290650421 ], [ 13.518264768144535, 52.494967132413521 ], [ 13.518077648127981, 52.495019982469806 ], [ 13.517984778015421, 52.495064830447582 ], [ 13.517908058362293, 52.495128565726155 ], [ 13.517436458073918, 52.495901881273412 ], [ 13.517384449502922, 52.496093247975963 ], [ 13.520017113626711, 52.496695945408526 ] ], [ [ 13.519614110346332, 52.494695161720891 ], [ 13.519497434328166, 52.494843335767854 ], [ 13.51940316048883, 52.494861224031155 ], [ 13.51886716466128, 52.494885003248058 ], [ 13.518462194557765, 52.494914290650421 ] ], [ [ 13.519614110346332, 52.494695161720891 ], [ 13.519503177630039, 52.494903550966129 ], [ 13.519274076730742, 52.49526730242259 ], [ 13.51891048648584, 52.495834927772741 ], [ 13.518838198548458, 52.495892376894581 ] ], [ [ 13.52079152204626, 52.495504112917203 ], [ 13.521048770546464, 52.495063997693549 ] ] ] } },
{ "type": "Feature", "properties": { "gisid": "4484710,4484720", "strnr": "44847", "strname": "Ontarioseestraße", "strabnr": "10,20", "strabtypname": "Strasse", "bez": "11", "bezname": "Lichtenberg", "ort": "1101", "ortname": "Friedrichsfelde" }, "geometry": { "type": "MultiLineString", "coordinates": [ [ [ 13.521286538876982, 52.494764055842268 ], [ 13.521482386339672, 52.494753445097182 ], [ 13.522253988521806, 52.494716381088629 ], [ 13.523626371606397, 52.494651976267001 ], [ 13.523788270222187, 52.494677278650201 ], [ 13.523791021979385, 52.494759957984883 ], [ 13.523298839686603, 52.49556563094955 ] ], [ [ 13.520940479718289, 52.494787113734674 ], [ 13.521286538876982, 52.494764055842268 ] ] ] } },
{ "type": "Feature", "properties": { "gisid": "4484910,4484920,4484930", "strnr": "44849", "strname": "Kleeblattstraße", "strabnr": "10,20,30", "strabtypname": "Strasse", "bez": "09", "bezname": "Treptow-Köpenick", "ort": "0906", "ortname": "Altglienicke" }, "geometry": { "type": "MultiLineString", "coordinates": [ [ [ 13.553761099626394, 52.409047359116137 ], [ 13.553802599635217, 52.408832601024365 ], [ 13.55448428112881, 52.407131825796156 ] ], [ [ 13.55448428112881, 52.407131825796156 ], [ 13.554835455717479, 52.406239653817465 ] ], [ [ 13.554835455717479, 52.406239653817465 ], [ 13.554938688897293, 52.406008756662473 ] ] ] } },
{ "type": "Feature", "properties": { "gisid": "4485310,4485320,4485330,4485340,4485350,4485360", "strnr": "44853", "strname": "Havemannstraße", "strabnr": "10,20,30,40,50,60", "strabtypname": "Strasse", "bez": "10", "bezname": "Marzahn-Hellersdorf", "ort": "1001", "ortname": "Marzahn" }, "geometry": { "type": "MultiLineString", "coordinates": [ [ [ 13.568505321211257, 52.569482334466215 ], [ 13.565580850955419, 52.570428936982211 ] ], [ [ 13.569541129464767, 52.569126075040572 ], [ 13.568505321211257, 52.569482334466215 ] ], [ [ 13.571894446780208, 52.568365131490275 ], [ 13.569541129464767, 52.569126075040572 ] ], [ [ 13.574427681306526, 52.567541315247354 ], [ 13.571894446780208, 52.568365131490275 ] ], [ [ 13.578585136215205, 52.566163647301856 ], [ 13.574427681306526, 52.567541315247354 ] ], [ [ 13.580976876620257, 52.56501971552948 ], [ 13.579300715115291, 52.565856598028965 ], [ 13.578585136215205, 52.566163647301856 ] ] ] } },
{ "type": "Feature", "properties": { "gisid": "4485410,44854100,44854110,44854120,44854130,44854140,44854150,44854160,44854170,44854180,44854190,4485420,44854200,44854210,44854220,44854230,44854240,44854250,44854260,44854270,44854280,44854290,4485430,44854300,44854310,44854320,44854330,44854340,44854350,44854360,44854370,44854380,44854390,4485440,44854400,44854410,44854420,44854430,44854440,44854450,44854460,44854470,44854480,44854490,4485450,4485460,4485470,4485480,4485490", "strnr": "44854", "strname": "Märkische Allee", "strabnr": "10,100,110,120,130,140,150,160,170,180,190,20,200,210,220,230,240,250,260,270,280,290,30,300,310,320,330,340,350,360,370,380,390,40,400,410,420,430,440,450,460,470,480,490,50,60,70,80,90", "strabtypname": "Strasse", "bez": "10", "bezname": "Marzahn-Hellersdorf", "ort": "1001", "ortname": "Marzahn" }, "geometry": { "type": "MultiLineString", "coordinates": [ [ [ 13.54127245312071, 52.509902647045379 ], [ 13.541958621119194, 52.509998394555602 ], [ 13.542359100046133, 52.51007147011331 ], [ 13.542772747836935, 52.510191283096141 ], [ 13.543058260999848, 52.510309207663191 ], [ 13.543433406084613, 52.510542221006091 ], [ 13.543667208811923, 52.510747276941693 ], [ 13.543786263178912, 52.51088036036667 ], [ 13.543908154351369, 52.511071858455743 ], [ 13.544116883687753, 52.51129756455412 ] ], [ [ 13.542304873738349, 52.520729433405059 ], [ 13.541213156635317, 52.521521263236252 ], [ 13.540845773964691, 52.521801378035562 ], [ 13.540271717283831, 52.522291625264337 ], [ 13.539729964739328, 52.52283042010184 ], [ 13.539261824350808, 52.523389936221868 ], [ 13.538768360809888, 52.524082430797634 ], [ 13.538460754420244, 52.52465913671017 ] ], [ [ 13.538460754420244, 52.52465913671017 ], [ 13.537981154319494, 52.525771307949412 ] ], [ [ 13.537981154319494, 52.525771307949412 ], [ 13.53786419068979, 52.526052497578895 ], [ 13.537385853729472, 52.527253633483426 ], [ 13.537178491087626, 52.527787275740664 ], [ 13.537013608819397, 52.528441368001339 ], [ 13.536925625401757, 52.528957126253935 ], [ 13.536813256870776, 52.529869169122563 ], [ 13.536766307563221, 52.531216208513165 ], [ 13.536780806042943, 52.532056455581568 ], [ 13.536803600220784, 52.532441094010373 ], [ 13.536851245721065, 52.532924603311564 ] ], [ [ 13.536851245721065, 52.532924603311564 ], [ 13.539310827550347, 52.532877010041737 ] ], [ [ 13.536851245721065, 52.532924603311564 ], [ 13.536927920641956, 52.533626505271897 ], [ 13.537120707260245, 52.534482163472902 ] ], [ [ 13.537120707260245, 52.534482163472902 ], [ 13.537388116111723, 52.535606573276638 ], [ 13.537475915884345, 52.53591487544702 ], [ 13.537717838923051, 52.536531529365909 ], [ 13.538089114288626, 52.537320818808176 ] ], [ [ 13.538089114288626, 52.537320818808176 ], [ 13.538488364352325, 52.538129898769874 ], [ 13.539093571616927, 52.539137729586194 ] ], [ [ 13.539093571616927, 52.539137729586194 ], [ 13.539531418044472, 52.53982551659945 ] ], [ [ 13.539531418044472, 52.53982551659945 ], [ 13.540028165646316, 52.540547493404169 ] ], [ [ 13.540028165646316, 52.540547493404169 ], [ 13.540186800060328, 52.54082529051361 ], [ 13.541149604137997, 52.542165869753042 ] ], [ [ 13.545391065579615, 52.508830743546028 ], [ 13.545233672825972, 52.508722797390426 ], [ 13.544955498117037, 52.508621059329563 ], [ 13.544688996635326, 52.508578638879527 ], [ 13.544463645950001, 52.508583876075789 ], [ 13.544270654746963, 52.50861249897617 ], [ 13.54409232106264, 52.508677976817772 ], [ 13.543965513449084, 52.508756071575256 ], [ 13.543816479773922, 52.508904245788955 ], [ 13.543718901827486, 52.509101881065973 ], [ 13.543700856046144, 52.509300470878365 ], [ 13.543715244251375, 52.509481110287538 ], [ 13.544116883687753, 52.51129756455412 ] ], [ [ 13.541149604137997, 52.542165869753042 ], [ 13.541642125487758, 52.542813249138312 ] ], [ [ 13.541642125487758, 52.542813249138312 ], [ 13.5423273271808, 52.543684525751026 ], [ 13.542958181437044, 52.544468591923263 ], [ 13.543630364240672, 52.545234710165388 ] ], [ [ 13.543630364240672, 52.545234710165388 ], [ 13.544677545495809, 52.546492643094112 ] ], [ [ 13.544677545495809, 52.546492643094112 ], [ 13.546355911049393, 52.548451039875701 ] ], [ [ 13.546355911049393, 52.548451039875701 ], [ 13.548293249499229, 52.550769041491485 ] ], [ [ 13.548293249499229, 52.550769041491485 ], [ 13.550005801202184, 52.552754368080471 ] ], [ [ 13.550005801202184, 52.552754368080471 ], [ 13.551459572384543, 52.554415094268322 ] ], [ [ 13.551459572384543, 52.554415094268322 ], [ 13.55435554157352, 52.557802985329907 ] ], [ [ 13.553327677599972, 52.55435245709225 ], [ 13.553162444315944, 52.554416158980452 ], [ 13.553042866682368, 52.554509544596527 ], [ 13.552991074035285, 52.554623640191522 ], [ 13.553001197377137, 52.554741368807761 ], [ 13.553567766107111, 52.555381553973412 ], [ 13.553704692877, 52.555496664591075 ], [ 13.553855016774106, 52.555535398689265 ], [ 13.554031910953192, 52.555555276971717 ], [ 13.554183654275404, 52.555627260873194 ], [ 13.555400720337731, 52.557022693303018 ], [ 13.556473173623397, 52.556684542203904 ] ], [ [ 13.55435554157352, 52.557802985329907 ], [ 13.555350463456026, 52.558925993465166 ] ], [ [ 13.546884543354576, 52.509627959288657 ], [ 13.546507641870919, 52.509545928938699 ], [ 13.546217605271218, 52.509482827849233 ], [ 13.546013024031963, 52.509404506190741 ], [ 13.54573651442335, 52.509194034421533 ], [ 13.545595431647117, 52.509024991778844 ], [ 13.545391065579615, 52.508830743546028 ] ], [ [ 13.556851682405281, 52.56067744375644 ], [ 13.557179521564173, 52.561304889061105 ], [ 13.557879809834398, 52.562338737250833 ], [ 13.558222701770015, 52.562785561491545 ] ], [ [ 13.558222701770015, 52.562785561491545 ], [ 13.560410576877549, 52.565067558241189 ], [ 13.560831990686808, 52.565303237391987 ] ], [ [ 13.560831990686808, 52.565303237391987 ], [ 13.561973137316789, 52.566501755620251 ] ], [ [ 13.561973137316789, 52.566501755620251 ], [ 13.563233642527603, 52.567812656771956 ] ], [ [ 13.564329145915742, 52.569048870257404 ], [ 13.565580850955419, 52.570428936982211 ] ], [ [ 13.559167284038139, 52.55935777269687 ], [ 13.557550402522537, 52.559877159626545 ], [ 13.55741913505809, 52.55989865036122 ] ], [ [ 13.55741913505809, 52.55989865036122 ], [ 13.557324811754549, 52.559868940594662 ], [ 13.556268055524606, 52.55864166949749 ] ], [ [ 13.563233642527603, 52.567812656771956 ], [ 13.564329145915742, 52.569048870257404 ] ], [ [ 13.565580850955419, 52.570428936982211 ], [ 13.56691354477878, 52.571963597976215 ] ], [ [ 13.540028165646316, 52.540547493404169 ], [ 13.540631550990799, 52.541012532225523 ], [ 13.540766989326013, 52.5410953052981 ], [ 13.540955514977547, 52.541164637634303 ], [ 13.541117571207154, 52.54120249718305 ], [ 13.541306219474501, 52.541208024847847 ], [ 13.541493461971134, 52.541179402790327 ], [ 13.541660141924103, 52.541112123413818 ], [ 13.541782657441491, 52.541017853003879 ], [ 13.541856568691188, 52.540905574636852 ], [ 13.541864160208037, 52.540789654270071 ], [ 13.541803964388398, 52.540668294536005 ], [ 13.541664195054304, 52.540538789502371 ], [ 13.541496371773071, 52.540435325050616 ], [ 13.541372719335643, 52.540355256855506 ] ], [ [ 13.544445251223838, 52.509762894537751 ], [ 13.54480783398156, 52.509622954595194 ], [ 13.544986135078686, 52.509576347225938 ], [ 13.545168912520579, 52.509497391327137 ], [ 13.545304588628531, 52.509403125348221 ], [ 13.545413876832001, 52.509241442727443 ], [ 13.545443713609068, 52.50903477363822 ], [ 13.545391065579615, 52.508830743546028 ] ], [ [ 13.540043327947886, 52.539580560220486 ], [ 13.540361708615075, 52.539566413590499 ], [ 13.54054307701468, 52.539522510732716 ], [ 13.540692071576386, 52.539453423259936 ], [ 13.540802812304916, 52.539349259851342 ], [ 13.540826612962025, 52.539236945995711 ], [ 13.540823963044586, 52.539083275215795 ], [ 13.54077418085334, 52.5389151926585 ], [ 13.540694791489203, 52.538813587797407 ], [ 13.540541671438003, 52.538732598813866 ], [ 13.540364907136624, 52.538683944178622 ], [ 13.540133553556611, 52.538665802658308 ], [ 13.539894787346844, 52.538669222899827 ], [ 13.539644185771046, 52.538695100626633 ], [ 13.539422971262747, 52.538766830792184 ], [ 13.539291589071668, 52.538873672807732 ], [ 13.539093571616927, 52.539137729586194 ] ], [ [ 13.537849448187929, 52.539239252594939 ], [ 13.538128141424568, 52.539171163642671 ], [ 13.538253525382402, 52.539117337343718 ], [ 13.538312603220374, 52.539055375271829 ], [ 13.538364375844637, 52.538961055543702 ], [ 13.538371907548061, 52.538880182876774 ], [ 13.53834997002955, 52.538794795184437 ], [ 13.538042330213862, 52.537867161511514 ], [ 13.538089114288626, 52.537320818808176 ] ], [ [ 13.5389136087728, 52.539957163124043 ], [ 13.539088746590723, 52.540084001682139 ], [ 13.540309465175328, 52.541409500953812 ], [ 13.541149604137997, 52.542165869753042 ] ], [ [ 13.556851682405281, 52.56067744375644 ], [ 13.557695075989555, 52.56165566083537 ] ], [ [ 13.557695075989555, 52.56165566083537 ], [ 13.559462952128477, 52.563697493809336 ] ], [ [ 13.559462952128477, 52.563697493809336 ], [ 13.560831990686808, 52.565303237391987 ] ], [ [ 13.555350463456026, 52.558925993465166 ], [ 13.556851682405281, 52.56067744375644 ] ], [ [ 13.555350463456026, 52.558925993465166 ], [ 13.556268055524606, 52.55864166949749 ] ], [ [ 13.56691354477878, 52.571963597976215 ], [ 13.567459837464783, 52.572640549036976 ], [ 13.568129755272874, 52.573537725558957 ], [ 13.568285889815588, 52.57369955846292 ] ], [ [ 13.557695075989555, 52.56165566083537 ], [ 13.558075702480014, 52.561539056986817 ], [ 13.558291092834382, 52.561473580079564 ], [ 13.558578684077853, 52.561443191163988 ], [ 13.558852950768282, 52.561447841173838 ], [ 13.55907557959665, 52.561469535325742 ], [ 13.559320286464299, 52.561518200531623 ], [ 13.559535469211447, 52.561588416657791 ], [ 13.559744740425714, 52.561667615140635 ], [ 13.559922987413266, 52.561786336291618 ], [ 13.560110036463724, 52.561934718005681 ], [ 13.560196879600188, 52.56203990790987 ], [ 13.560302891759386, 52.562146006979546 ] ], [ [ 13.545042732183965, 52.510032901144989 ], [ 13.545278582481993, 52.509928818882031 ], [ 13.545564491679233, 52.509833757103536 ], [ 13.546130358691302, 52.509674181454983 ] ], [ [ 13.544116883687753, 52.51129756455412 ], [ 13.54423843975591, 52.510880674591895 ], [ 13.544350897772567, 52.510602170590644 ], [ 13.544523600953053, 52.510400093170524 ], [ 13.544641661817385, 52.510276160584276 ], [ 13.544821578274757, 52.510154067522869 ], [ 13.545042732183965, 52.510032901144989 ] ], [ [ 13.544116883687753, 52.51129756455412 ], [ 13.54450256803363, 52.512998080362877 ] ], [ [ 13.54450256803363, 52.512998080362877 ], [ 13.545047335745714, 52.515513779995302 ], [ 13.545231107581035, 52.516507814087561 ] ], [ [ 13.545231107581035, 52.516507814087561 ], [ 13.545191858268371, 52.51702271426182 ], [ 13.545139684342145, 52.517356078144999 ], [ 13.545010715753198, 52.517793632137696 ], [ 13.544813935669728, 52.51825450528338 ], [ 13.544451948483452, 52.518828492739246 ], [ 13.544239309805343, 52.519098839382004 ], [ 13.543905715478193, 52.519449980406669 ], [ 13.5434231561325, 52.519890881029106 ], [ 13.542304873738349, 52.520729433405059 ] ] ] } },
{ "type": "Feature", "properties": { "gisid": "4485510,44855100,44855110,44855120,44855130,44855140,44855150,44855160,4485520,4485530,4485540,4485550,4485560,4485570,4485580,4485590", "strnr": "44855", "strname": "Wuhletalstraße", "strabnr": "10,100,110,120,130,140,150,160,20,30,40,50,60,70,80,90", "strabtypname": "Strasse", "bez": "10", "bezname": "Marzahn-Hellersdorf", "ort": "1001", "ortname": "Marzahn" }, "geometry": { "type": "MultiLineString", "coordinates": [ [ [ 13.554152050208453, 52.564092472621759 ], [ 13.558222701770015, 52.562785561491545 ] ], [ [ 13.568686670503876, 52.55829609989501 ], [ 13.568701366163891, 52.558332952084733 ], [ 13.568745065503562, 52.558741856639422 ], [ 13.568914130808261, 52.559124761208757 ], [ 13.569053865301019, 52.559388132101837 ], [ 13.569142045674017, 52.55961103862397 ], [ 13.569230270308445, 52.5598006948155 ] ], [ [ 13.569627093830139, 52.560807367980217 ], [ 13.572159075398252, 52.560680047909543 ] ], [ [ 13.572159075398252, 52.560680047909543 ], [ 13.572869884889078, 52.560621060197946 ], [ 13.57348188920211, 52.560569213944937 ], [ 13.574064422426956, 52.560498479463142 ], [ 13.57450104076516, 52.560371064724784 ], [ 13.574778387295765, 52.560257955826991 ], [ 13.574992314475006, 52.560157401003714 ] ], [ [ 13.560302891759386, 52.562146006979546 ], [ 13.560447094356213, 52.562351876832587 ], [ 13.560555998671115, 52.562496619277347 ], [ 13.560591240090584, 52.562597286598951 ], [ 13.56060432473865, 52.56272220521619 ], [ 13.560605586368927, 52.562864192131357 ], [ 13.560555239499211, 52.563004352164988 ], [ 13.560497557460295, 52.563118448462802 ], [ 13.560402995586223, 52.563241509669631 ], [ 13.560302575165503, 52.563337608868061 ], [ 13.560157914764655, 52.563433683302776 ], [ 13.559949822479963, 52.563543200494188 ], [ 13.559727016818858, 52.56363114283198 ], [ 13.559462952128477, 52.563697493809336 ] ], [ [ 13.569230270308445, 52.5598006948155 ], [ 13.569546262702223, 52.560598843410695 ], [ 13.569627093830139, 52.560807367980217 ] ], [ [ 13.569230270308445, 52.5598006948155 ], [ 13.569402799572934, 52.559793589477309 ], [ 13.569545848545369, 52.55977838116786 ], [ 13.56963135245697, 52.559793698952582 ], [ 13.569669665216482, 52.559812588575973 ], [ 13.569700585859538, 52.559846752404027 ], [ 13.569884146979827, 52.560434553568108 ], [ 13.569946038390855, 52.560465136399827 ], [ 13.570052202389951, 52.560468781605358 ], [ 13.571863203690471, 52.560265636826486 ], [ 13.572025420302509, 52.560252231944517 ] ], [ [ 13.560988123951219, 52.561465215031092 ], [ 13.561125221022014, 52.561491350909606 ], [ 13.563506287911657, 52.560733284494319 ] ], [ [ 13.558222701770015, 52.562785561491545 ], [ 13.560302891759386, 52.562146006979546 ] ], [ [ 13.560302891759386, 52.562146006979546 ], [ 13.561499297548442, 52.561808778088015 ], [ 13.562116008410582, 52.561583554215709 ], [ 13.563303436840034, 52.56131549771446 ], [ 13.563719377791523, 52.561239334261849 ] ], [ [ 13.563506287911657, 52.560733284494319 ], [ 13.563719377791523, 52.561239334261849 ] ], [ [ 13.560308080484342, 52.560656955490458 ], [ 13.560988123951219, 52.561465215031092 ] ], [ [ 13.562736351610843, 52.559863883963949 ], [ 13.563506287911657, 52.560733284494319 ] ], [ [ 13.563719377791523, 52.561239334261849 ], [ 13.565368247989745, 52.561028115037963 ], [ 13.566198535528713, 52.560952155199935 ] ], [ [ 13.566198535528713, 52.560952155199935 ], [ 13.565705268312355, 52.559368490935896 ] ], [ [ 13.566198535528713, 52.560952155199935 ], [ 13.566884267969332, 52.560909366358345 ], [ 13.569627093830139, 52.560807367980217 ] ] ] } },
{ "type": "Feature", "properties": { "gisid": "4485610,4485620,4485630,4485640,4485650,4485660", "strnr": "44856", "strname": "Poelchaustraße", "strabnr": "10,20,30,40,50,60", "strabtypname": "Strasse", "bez": "10", "bezname": "Marzahn-Hellersdorf", "ort": "1001", "ortname": "Marzahn" }, "geometry": { "type": "MultiLineString", "coordinates": [ [ [ 13.540088731738848, 52.534467287427724 ], [ 13.537120707260245, 52.534482163472902 ] ], [ [ 13.540088731738848, 52.534467287427724 ], [ 13.541385624986482, 52.534439468077373 ] ], [ [ 13.543340002807202, 52.534292576704907 ], [ 13.541385624986482, 52.534439468077373 ] ], [ [ 13.546779978672804, 52.534061288185192 ], [ 13.543340002807202, 52.534292576704907 ] ], [ [ 13.546779978672804, 52.534061288185192 ], [ 13.548831570150204, 52.533921560666251 ] ], [ [ 13.548831570150204, 52.533921560666251 ], [ 13.54938130295049, 52.533889567225131 ], [ 13.549912024506156, 52.533772188305086 ], [ 13.550215809276093, 52.533650167069361 ], [ 13.550469526589286, 52.533506546226612 ] ] ] } },
{ "type": "Feature", "properties": { "gisid": "4485710,44857100,44857110,44857120,44857130,44857140,44857150,44857160,44857170,44857180,44857190,4485720,44857200,44857210,44857220,44857230,44857240,44857250,44857260,44857270,44857280,44857290,4485730,44857300,44857310,4485740,4485750,4485760,4485770,4485780,4485790", "strnr": "44857", "strname": "Blumberger Damm", "strabnr": "10,100,110,120,130,140,150,160,170,180,190,20,200,210,220,230,240,250,260,270,280,290,30,300,310,40,50,60,70,80,90", "strabtypname": "Strasse", "bez": "10", "bezname": "Marzahn-Hellersdorf", "ort": "1002", "ortname": "Biesdorf" }, "geometry": { "type": "MultiLineString", "coordinates": [ [ [ 13.56149226830887, 52.508629458495484 ], [ 13.561903905561371, 52.510148404709 ] ], [ [ 13.565742580867777, 52.529115555457238 ], [ 13.565536283901215, 52.530184842323543 ] ], [ [ 13.565536283901215, 52.530184842323543 ], [ 13.565525324430407, 52.530651236159812 ], [ 13.565641851498912, 52.531634417891475 ], [ 13.56607668058064, 52.533696140568843 ], [ 13.56625138237016, 52.534180600206803 ], [ 13.566326351102326, 52.534319030023156 ] ], [ [ 13.568692539971794, 52.538097224167025 ], [ 13.566799685395221, 52.535197248453244 ], [ 13.566326351102326, 52.534319030023156 ] ], [ [ 13.569741404407285, 52.540760423240776 ], [ 13.569531464650613, 52.540121384659066 ], [ 13.569299572257412, 52.5393664092474 ], [ 13.56908516095684, 52.538775894133657 ], [ 13.568957254705666, 52.538533196631946 ], [ 13.568692539971794, 52.538097224167025 ] ], [ [ 13.569741404407285, 52.540760423240776 ], [ 13.570183370990939, 52.542070862269703 ] ], [ [ 13.570618090197298, 52.543305809038607 ], [ 13.571010025606355, 52.544589260841065 ] ], [ [ 13.571120131828568, 52.54494248026387 ], [ 13.571010025606355, 52.544589260841065 ] ], [ [ 13.571120131828568, 52.54494248026387 ], [ 13.571347713818833, 52.545656112234248 ] ], [ [ 13.571475416115247, 52.546089319411848 ], [ 13.571347713818833, 52.545656112234248 ] ], [ [ 13.571475416115247, 52.546089319411848 ], [ 13.572744159289543, 52.55006641207121 ] ], [ [ 13.561903905561371, 52.510148404709 ], [ 13.562218629882516, 52.511481276139406 ] ], [ [ 13.572744159289543, 52.55006641207121 ], [ 13.573568422524545, 52.552368214956758 ] ], [ [ 13.573568422524545, 52.552368214956758 ], [ 13.571226950096467, 52.552619667750839 ], [ 13.570041440081019, 52.552761096405334 ], [ 13.56989383993694, 52.552894025735171 ] ], [ [ 13.573568422524545, 52.552368214956758 ], [ 13.574535198387991, 52.555165227505718 ] ], [ [ 13.574535198387991, 52.555165227505718 ], [ 13.575424520467301, 52.557471537330414 ], [ 13.575592060984842, 52.557945195097751 ], [ 13.575650837544035, 52.55812045651291 ] ], [ [ 13.575650837544035, 52.55812045651291 ], [ 13.57582721765178, 52.558604003148837 ], [ 13.575874035240261, 52.558922142998561 ], [ 13.575833864242638, 52.559234854206444 ], [ 13.575700820711857, 52.559527756105602 ], [ 13.575411447361507, 52.559843954598037 ], [ 13.575266796121234, 52.559971500040881 ], [ 13.574992314475006, 52.560157401003714 ] ], [ [ 13.56470742870342, 52.52229516790873 ], [ 13.563927063492791, 52.518850231272992 ] ], [ [ 13.564632017018187, 52.535088301806482 ], [ 13.564636110665459, 52.5353219531425 ], [ 13.564622375543793, 52.535658039701445 ], [ 13.564660633061589, 52.535700296835579 ], [ 13.56475345103431, 52.535719216283333 ], [ 13.566451162184563, 52.535731769289526 ] ], [ [ 13.565654720342186, 52.535121181790551 ], [ 13.565875757050533, 52.53513567257891 ], [ 13.566056938586545, 52.535196873152941 ], [ 13.566162923870667, 52.535284994607792 ], [ 13.566451162184563, 52.535731769289526 ] ], [ [ 13.566451162184563, 52.535731769289526 ], [ 13.567168920678879, 52.536785345192257 ], [ 13.567237941024779, 52.536968704301486 ], [ 13.56728772976124, 52.537205971750652 ], [ 13.567381728707657, 52.537445958192208 ], [ 13.567624381188885, 52.537836092031959 ], [ 13.567712580581011, 52.538007777222745 ], [ 13.567731555776865, 52.538145279344732 ], [ 13.567815337843539, 52.538314266777235 ] ], [ [ 13.571583065177281, 52.544872601345922 ], [ 13.571847469879282, 52.545615005058387 ] ], [ [ 13.562523174246834, 52.512736857349097 ], [ 13.562218629882516, 52.511481276139406 ] ], [ [ 13.568858427379455, 52.540848965048077 ], [ 13.569584558074576, 52.542377015855614 ], [ 13.569615383448781, 52.542475881397245 ], [ 13.569617043076295, 52.544614662692069 ] ], [ [ 13.570183370990939, 52.542070862269703 ], [ 13.570618090197298, 52.543305809038607 ] ], [ [ 13.562602173295224, 52.513109840860253 ], [ 13.562893603156597, 52.514281838389401 ] ], [ [ 13.562893603156597, 52.514281838389401 ], [ 13.563379740651609, 52.516308556874698 ] ], [ [ 13.563379740651609, 52.516308556874698 ], [ 13.563605159794843, 52.517313368485304 ], [ 13.563830450984204, 52.518416131905823 ], [ 13.563927063492791, 52.518850231272992 ] ], [ [ 13.565344380390627, 52.525122651003805 ], [ 13.56470742870342, 52.52229516790873 ] ], [ [ 13.565344380390627, 52.525122651003805 ], [ 13.565451354525035, 52.525543273618347 ] ], [ [ 13.565451354525035, 52.525543273618347 ], [ 13.565736691901655, 52.526974070610052 ], [ 13.565806873419326, 52.527367714739789 ], [ 13.565864995025919, 52.527961752420715 ], [ 13.565826098284123, 52.528387692374288 ], [ 13.565742580867777, 52.529115555457238 ] ] ] } },
{ "type": "Feature", "properties": { "gisid": "4485810,44858100,4485820,4485830,4485840,4485850,4485860,4485870,4485880,4485890", "strnr": "44858", "strname": "Mehrower Allee", "strabnr": "10,100,20,30,40,50,60,70,80,90", "strabtypname": "Strasse", "bez": "10", "bezname": "Marzahn-Hellersdorf", "ort": "1001", "ortname": "Marzahn" }, "geometry": { "type": "MultiLineString", "coordinates": [ [ [ 13.556732097711754, 52.557047747692941 ], [ 13.55435554157352, 52.557802985329907 ] ], [ [ 13.574535198387991, 52.555165227505718 ], [ 13.570314883071667, 52.555680925291412 ] ], [ [ 13.556732097711754, 52.557047747692941 ], [ 13.556473173623397, 52.556684542203904 ] ], [ [ 13.556473173623397, 52.556684542203904 ], [ 13.558101758710682, 52.556157088883239 ] ], [ [ 13.560021409380635, 52.556176152819852 ], [ 13.559751547306742, 52.55620565671925 ], [ 13.559494939425081, 52.556245951170204 ], [ 13.55903475545276, 52.556355324409758 ], [ 13.558391630044174, 52.55653648346842 ], [ 13.558015503457343, 52.556632421815358 ], [ 13.556732097711754, 52.557047747692941 ] ], [ [ 13.560021409380635, 52.556176152819852 ], [ 13.560351705211472, 52.556156566542249 ], [ 13.560690787488086, 52.556177424498394 ], [ 13.561181684917106, 52.55623161456122 ], [ 13.561812578522703, 52.55633710149602 ], [ 13.562424346586631, 52.556414716740228 ], [ 13.563025887699897, 52.556429418024251 ], [ 13.563456439003884, 52.556414370242983 ], [ 13.563931264401873, 52.556368791057785 ] ], [ [ 13.563931264401873, 52.556368791057785 ], [ 13.567209380936719, 52.556002927872363 ] ], [ [ 13.570314883071667, 52.555680925291412 ], [ 13.567209380936719, 52.556002927872363 ] ], [ [ 13.570382303707143, 52.55599548371282 ], [ 13.568345830581327, 52.556240731960848 ], [ 13.568218961242732, 52.556293690091145 ], [ 13.568131864968475, 52.556374525158667 ], [ 13.568100760103771, 52.556481449151946 ], [ 13.568257728861761, 52.557081820927493 ], [ 13.568686670503876, 52.55829609989501 ] ], [ [ 13.570179764006598, 52.555270180633883 ], [ 13.568410235709747, 52.555478712086199 ], [ 13.568158114671553, 52.555479487474813 ], [ 13.567917889313897, 52.555404781603237 ] ] ] } },
{ "type": "Feature", "properties": { "gisid": "4485910,4485920,4485930,4485940,4485950,4485960,4485970", "strnr": "44859", "strname": "Raoul-Wallenberg-Straße", "strabnr": "10,20,30,40,50,60,70", "strabtypname": "Strasse", "bez": "10", "bezname": "Marzahn-Hellersdorf", "ort": "1001", "ortname": "Marzahn" }, "geometry": { "type": "MultiLineString", "coordinates": [ [ [ 13.548293249499229, 52.550769041491485 ], [ 13.552231539499443, 52.549521555877028 ] ], [ [ 13.552231539499443, 52.549521555877028 ], [ 13.553513266279573, 52.549123352110442 ] ], [ [ 13.553513266279573, 52.549123352110442 ], [ 13.555825887379035, 52.548425605277416 ] ], [ [ 13.555825887379035, 52.548425605277416 ], [ 13.556808165633731, 52.548112558067764 ], [ 13.557467282098395, 52.547999713994074 ], [ 13.558630707713416, 52.54778381079506 ] ], [ [ 13.558630707713416, 52.54778381079506 ], [ 13.562073649603004, 52.547198014423699 ], [ 13.562442295437959, 52.547116437118355 ] ], [ [ 13.564338669170677, 52.545593340143697 ], [ 13.564170062915508, 52.545992251169238 ], [ 13.563944074211546, 52.54631384750558 ], [ 13.563610485315431, 52.546626400183669 ], [ 13.563178232893529, 52.546866109789022 ], [ 13.562442295437959, 52.547116437118355 ] ], [ [ 13.564338669170677, 52.545593340143697 ], [ 13.5645905925089, 52.544643602103108 ] ] ] } },
{ "type": "Feature", "properties": { "gisid": "4486610,4486620,4486630,4486640", "strnr": "44866", "strname": "Neue Grottkauer Straße", "strabnr": "10,20,30,40", "strabtypname": "Strasse", "bez": "10", "bezname": "Marzahn-Hellersdorf", "ort": "1005", "ortname": "Hellersdorf" }, "geometry": { "type": "MultiLineString", "coordinates": [ [ [ 13.590410140348439, 52.529516508661487 ], [ 13.59168788217475, 52.529256280306214 ] ], [ [ 13.59168788217475, 52.529256280306214 ], [ 13.592283263334217, 52.529147715323703 ], [ 13.593448921039041, 52.528991679255462 ] ], [ [ 13.593448921039041, 52.528991679255462 ], [ 13.595784618076882, 52.528698445308393 ] ], [ [ 13.595784618076882, 52.528698445308393 ], [ 13.598180700174717, 52.52839978667388 ] ] ] } },
{ "type": "Feature", "properties": { "gisid": "4487710,4487720,4487730,4487740,4487750,4487760,4487770,4487780,4487790", "strnr": "44877", "strname": "Erich-Kästner-Straße", "strabnr": "10,20,30,40,50,60,70,80,90", "strabtypname": "Strasse", "bez": "10", "bezname": "Marzahn-Hellersdorf", "ort": "1005", "ortname": "Hellersdorf" }, "geometry": { "type": "MultiLineString", "coordinates": [ [ [ 13.59168788217475, 52.529256280306214 ], [ 13.591204046899845, 52.52807261575532 ] ], [ [ 13.593331279323948, 52.526715366256823 ], [ 13.594661908221587, 52.526535099718473 ] ], [ [ 13.594661908221587, 52.526535099718473 ], [ 13.594053297319784, 52.52465316179287 ], [ 13.594126999494144, 52.524607350561475 ] ], [ [ 13.594661908221587, 52.526535099718473 ], [ 13.595047970633692, 52.526495661668122 ] ], [ [ 13.595047970633692, 52.526495661668122 ], [ 13.595182067988375, 52.526473230003901 ], [ 13.595311772000468, 52.526409460049742 ], [ 13.595640542982343, 52.526122876514513 ], [ 13.596991760135316, 52.525961460843938 ] ], [ [ 13.596991760135316, 52.525961460843938 ], [ 13.596997732636853, 52.525844638000486 ], [ 13.596694874012369, 52.524866830765696 ], [ 13.596575706771706, 52.524607988819518 ] ], [ [ 13.596991760135316, 52.525961460843938 ], [ 13.597057982114929, 52.52608369342331 ], [ 13.597296210749207, 52.526781104542415 ] ], [ [ 13.591204046899845, 52.52807261575532 ], [ 13.59088504561106, 52.527154999145623 ], [ 13.59090724792004, 52.52703009281543 ], [ 13.591032522178487, 52.526987894186838 ], [ 13.593331279323948, 52.526715366256823 ] ], [ [ 13.591204046899845, 52.52807261575532 ], [ 13.592567132502364, 52.527904064930887 ], [ 13.592445092797339, 52.527569732572793 ] ] ] } },
{ "type": "Feature", "properties": { "gisid": "4487810,4487820,4487830,4487840,4487850", "strnr": "44878", "strname": "Maxie-Wander-Straße", "strabnr": "10,20,30,40,50", "strabtypname": "Strasse", "bez": "10", "bezname": "Marzahn-Hellersdorf", "ort": "1005", "ortname": "Hellersdorf" }, "geometry": { "type": "MultiLineString", "coordinates": [ [ [ 13.595784618076882, 52.528698445308393 ], [ 13.595047970633692, 52.526495661668122 ] ], [ [ 13.595784618076882, 52.528698445308393 ], [ 13.596208148559228, 52.52991352814491 ], [ 13.596233146892134, 52.529987224128668 ] ], [ [ 13.596233146892134, 52.529987224128668 ], [ 13.596271429519279, 52.530030368538888 ], [ 13.598559258036058, 52.530925082478021 ] ], [ [ 13.598559258036058, 52.530925082478021 ], [ 13.600084035398137, 52.531525727635866 ], [ 13.600577606014554, 52.531661531930034 ] ], [ [ 13.600577606014554, 52.531661531930034 ], [ 13.602242509811628, 52.532114800626317 ] ] ] } },
{ "type": "Feature", "properties": { "gisid": "4489510,4489520,4489530,4489540", "strnr": "44895", "strname": "Schivelbeiner Straße", "strabnr": "10,20,30,40", "strabtypname": "Strasse", "bez": "03", "bezname": "Pankow", "ort": "0301", "ortname": "Prenzlauer Berg" }, "geometry": { "type": "MultiLineString", "coordinates": [ [ [ 13.41389425278091, 52.550644479406202 ], [ 13.410397554806494, 52.550909539027266 ] ], [ [ 13.410397554806494, 52.550909539027266 ], [ 13.408158843687316, 52.551074377065426 ] ], [ [ 13.408158843687316, 52.551074377065426 ], [ 13.405685562974588, 52.551268391106191 ] ], [ [ 13.405685562974588, 52.551268391106191 ], [ 13.403719645178068, 52.55141478150852 ] ] ] } },
{ "type": "Feature", "properties": { "gisid": "4489610,4489620,4489630,4489640", "strnr": "44896", "strname": "Ella-Kay-Straße", "strabnr": "10,20,30,40", "strabtypname": "Strasse", "bez": "03", "bezname": "Pankow", "ort": "0301", "ortname": "Prenzlauer Berg" }, "geometry": { "type": "MultiLineString", "coordinates": [ [ [ 13.428410003674804, 52.537766871025681 ], [ 13.429925108088488, 52.539406735077755 ] ], [ [ 13.429925108088488, 52.539406735077755 ], [ 13.430032124806273, 52.53953541973749 ], [ 13.431082231624645, 52.540700009300799 ] ], [ [ 13.431082231624645, 52.540700009300799 ], [ 13.431660264089054, 52.541305752824073 ], [ 13.431807013765445, 52.541450676761912 ], [ 13.431929105047244, 52.54150569465731 ], [ 13.432086794414621, 52.541510446888182 ], [ 13.43227115936144, 52.541481993337925 ] ], [ [ 13.431082231624645, 52.540700009300799 ], [ 13.431691956022918, 52.540472757946759 ], [ 13.430493501262397, 52.539191103744677 ], [ 13.429985980806928, 52.539307086068469 ], [ 13.429925108088488, 52.539406735077755 ] ] ] } },
{ "type": "Feature", "properties": { "gisid": "4491410,4491420", "strnr": "44914", "strname": "Am Plumpengraben", "strabnr": "10,20", "strabtypname": "Strasse", "bez": "09", "bezname": "Treptow-Köpenick", "ort": "0908", "ortname": "Bohnsdorf" }, "geometry": { "type": "MultiLineString", "coordinates": [ [ [ 13.582573104598877, 52.402142612677778 ], [ 13.582165529031592, 52.402727498408339 ] ], [ [ 13.581331506806027, 52.403639340617161 ], [ 13.582165529031592, 52.402727498408339 ] ] ] } },
{ "type": "Feature", "properties": { "gisid": "4494410,4494420,4494430,4494440,4494450,4494460", "strnr": "44944", "strname": "Rheinpfalzallee", "strabnr": "10,20,30,40,50,60", "strabtypname": "Strasse", "bez": "11", "bezname": "Lichtenberg", "ort": "1102", "ortname": "Karlshorst" }, "geometry": { "type": "MultiLineString", "coordinates": [ [ [ 13.530266279928766, 52.490116603669648 ], [ 13.529641985012621, 52.490154738610229 ], [ 13.528874628355387, 52.490971893299275 ] ], [ [ 13.530266279928766, 52.490116603669648 ], [ 13.531681214192364, 52.490046747473173 ] ], [ [ 13.531681214192364, 52.490046747473173 ], [ 13.533069646265657, 52.489975955940352 ] ], [ [ 13.533069646265657, 52.489975955940352 ], [ 13.5360496734022, 52.489826389013707 ] ], [ [ 13.5360496734022, 52.489826389013707 ], [ 13.537332076472072, 52.489764451808107 ] ], [ [ 13.537332076472072, 52.489764451808107 ], [ 13.539296157181948, 52.489671550861154 ] ] ] } },
{ "type": "Feature", "properties": { "gisid": "4489710,4489720", "strnr": "44897", "strname": "Lilli-Henoch-Straße", "strabnr": "10,20", "strabtypname": "Strasse", "bez": "03", "bezname": "Pankow", "ort": "0301", "ortname": "Prenzlauer Berg" }, "geometry": { "type": "MultiLineString", "coordinates": [ [ [ 13.437092808004415, 52.539663753990013 ], [ 13.434452136387117, 52.540566234533948 ], [ 13.434363636692769, 52.540581368141908 ], [ 13.434284066872813, 52.540576746108108 ], [ 13.433525567900546, 52.540450599649617 ] ], [ [ 13.435680919335953, 52.541007661018647 ], [ 13.436594702633064, 52.540674834130066 ] ] ] } },
{ "type": "Feature", "properties": { "gisid": "4483810,44838100,44838110,44838120,44838130,44838140,4483820,4483830,4483840,4483850,4483860,4483870,4483880,4483890", "strnr": "44838", "strname": "Möllendorffstraße", "strabnr": "10,100,110,120,130,140,20,30,40,50,60,70,80,90", "strabtypname": "Strasse", "bez": "11", "bezname": "Lichtenberg", "ort": "1103", "ortname": "Lichtenberg" }, "geometry": { "type": "MultiLineString", "coordinates": [ [ [ 13.477968096154447, 52.51452488866353 ], [ 13.477267102903276, 52.513607382135923 ], [ 13.476955249769897, 52.513483872793437 ] ], [ [ 13.479683860352603, 52.52212871414676 ], [ 13.480219601040556, 52.521400572639891 ], [ 13.480296797742305, 52.521223634392115 ], [ 13.480325360813493, 52.521051128963457 ], [ 13.480325020708992, 52.520709640916273 ] ], [ [ 13.479549575374262, 52.520427403333073 ], [ 13.479568188128734, 52.520589183429863 ], [ 13.479586923415836, 52.52159749188386 ], [ 13.479622487076359, 52.521977664812368 ], [ 13.479683860352603, 52.52212871414676 ] ], [ [ 13.479683860352603, 52.52212871414676 ], [ 13.479609955144436, 52.523084785838016 ] ], [ [ 13.479742361900298, 52.526679547183754 ], [ 13.47978151451669, 52.526426176580529 ], [ 13.479615328693541, 52.525007902228303 ], [ 13.47957242424342, 52.524177496624318 ], [ 13.479575467611996, 52.523265371555077 ], [ 13.479609955144436, 52.523084785838016 ] ], [ [ 13.477602969967917, 52.526675077262183 ], [ 13.478155699871202, 52.526616460786933 ], [ 13.4791340243164, 52.526623973278028 ], [ 13.479742361900298, 52.526679547183754 ] ], [ [ 13.478323085056648, 52.514964773797153 ], [ 13.477968096154447, 52.51452488866353 ] ], [ [ 13.478323085056648, 52.514964773797153 ], [ 13.479401331819497, 52.516291629401941 ] ], [ [ 13.479401331819497, 52.516291629401941 ], [ 13.479638887318911, 52.516616338025067 ] ], [ [ 13.480034214390715, 52.518226311051656 ], [ 13.4800634999688, 52.517836332888116 ], [ 13.480015705466847, 52.517147008673916 ], [ 13.47993541996207, 52.516925841177965 ], [ 13.479638887318911, 52.516616338025067 ] ], [ [ 13.480034214390715, 52.518226311051656 ], [ 13.480096889136263, 52.51842768604341 ], [ 13.48011414808199, 52.518997452293519 ] ], [ [ 13.480034214390715, 52.518226311051656 ], [ 13.479927494303377, 52.51842298366644 ], [ 13.47979563450124, 52.519090517344615 ] ], [ [ 13.479549575374262, 52.520427403333073 ], [ 13.479557292940287, 52.520322270259285 ], [ 13.47979563450124, 52.519090517344615 ] ], [ [ 13.480325020708992, 52.520709640916273 ], [ 13.48026796632467, 52.520589151943973 ], [ 13.480148754391834, 52.520110023608829 ], [ 13.48011414808199, 52.518997452293519 ] ] ] } },
{ "type": "Feature", "properties": { "gisid": "4481910,4481920,4481930,4481940,4481950,4481960", "strnr": "44819", "strname": "Vincent-van-Gogh-Straße", "strabnr": "10,20,30,40,50,60", "strabtypname": "Strasse", "bez": "11", "bezname": "Lichtenberg", "ort": "1109", "ortname": "Neu-Hohenschönhausen" }, "geometry": { "type": "MultiLineString", "coordinates": [ [ [ 13.521852611964821, 52.567047368680164 ], [ 13.520942463405856, 52.567751097363747 ], [ 13.520637998813461, 52.56863688752307 ] ], [ [ 13.523693537537598, 52.565610252236404 ], [ 13.521852611964821, 52.567047368680164 ] ], [ [ 13.523693537537598, 52.565610252236404 ], [ 13.52465537286937, 52.564837350639934 ] ], [ [ 13.52465537286937, 52.564837350639934 ], [ 13.525701290482454, 52.564038452011893 ] ], [ [ 13.525701290482454, 52.564038452011893 ], [ 13.526852119227241, 52.563129099570531 ] ], [ [ 13.527670384863391, 52.562543868741983 ], [ 13.526852119227241, 52.563129099570531 ] ] ] } },
{ "type": "Feature", "properties": { "gisid": "16988100,16988110,16988120,16988130,16988140,1698820,1698830,1698840,1698850,1698860,1698870,1698880,1698890", "strnr": "16988", "strname": "Torstraße", "strabnr": "100,110,120,130,140,20,30,40,50,60,70,80,90", "strabtypname": "Strasse", "bez": "01", "bezname": "Mitte", "ort": "0101", "ortname": "Mitte" }, "geometry": { "type": "MultiLineString", "coordinates": [ [ [ 13.39381582771094, 52.528525094518237 ], [ 13.395731847486815, 52.528994347506348 ] ], [ [ 13.392436718398582, 52.528233907462393 ], [ 13.39381582771094, 52.528525094518237 ] ], [ [ 13.39141375726717, 52.528026986483432 ], [ 13.392436718398582, 52.528233907462393 ] ], [ [ 13.39141375726717, 52.528026986483432 ], [ 13.389122088917523, 52.527558707155031 ] ], [ [ 13.389122088917523, 52.527558707155031 ], [ 13.387330901654364, 52.527189349618077 ], [ 13.386981586547165, 52.527209311494147 ] ], [ [ 13.411912930243426, 52.528277119918563 ], [ 13.414434780112479, 52.527514218692396 ], [ 13.415116648683377, 52.527278194913841 ] ], [ [ 13.411912930243426, 52.528277119918563 ], [ 13.410957005711149, 52.528503640210126 ], [ 13.40967982844716, 52.528734955705367 ] ], [ [ 13.408156206713432, 52.529037696075662 ], [ 13.40967982844716, 52.528734955705367 ] ], [ [ 13.407168099415186, 52.529210206829468 ], [ 13.408156206713432, 52.529037696075662 ] ], [ [ 13.405448468715605, 52.529512547944506 ], [ 13.407168099415186, 52.529210206829468 ] ], [ [ 13.401277422072189, 52.529705082191924 ], [ 13.403593351341563, 52.529794838671613 ], [ 13.405448468715605, 52.529512547944506 ] ], [ [ 13.397564082024868, 52.529431955013997 ], [ 13.400741561274362, 52.529607006056082 ], [ 13.401277422072189, 52.529705082191924 ] ], [ [ 13.395731847486815, 52.528994347506348 ], [ 13.397564082024868, 52.529431955013997 ] ] ] } }
]
}
